id,wp_url,featured_media_id,featured_media_url,content_media_count,external_content_media_count,insecure_content_media_count,risks
759,https://dash.alelm.net/art/759/%d9%87%d9%84-%d8%aa%d8%b3%d8%a8%d8%a8%d8%aa-%d9%84%d8%b9%d9%86%d8%a9-%d8%a7%d9%84%d9%81%d8%b1%d8%a7%d8%b9%d9%86%d8%a9-%d9%81%d9%8a-%d8%ba%d8%b1%d9%82-%d8%aa%d8%a7%d9%8a%d8%aa%d8%a7%d9%86%d9%8a%d9%83/,765,https://dash.alelm.net/wp-content/uploads/2021/05/Margaret_Murray_wrapmummy.jpg,3,1,0,CONTENT_MEDIA_EXTERNAL_HOST
787,https://dash.alelm.net/art/787/%d9%85%d9%88%d9%86%d8%a7%d9%84%d9%8a%d8%b2%d8%a7-%d8%a7%d9%84%d8%b7%d9%88%d8%a7%d8%a8%d8%b9-%d8%a7%d9%84%d8%a3%d8%ba%d9%84%d9%89-%d9%81%d9%8a-%d8%a7%d9%84%d8%b9%d8%a7%d9%84%d9%85/,833,https://dash.alelm.net/wp-content/uploads/2021/05/monalisa.jpg,1,1,0,CONTENT_MEDIA_EXTERNAL_HOST
952,https://dash.alelm.net/world/952/%d8%a3%d9%83%d8%a8%d8%b1-%d8%b4%d8%b1%d9%83%d8%a7%d8%aa-%d8%a7%d9%84%d9%85%d9%84%d8%a7%d8%a8%d8%b3-%d9%81%d9%8a-%d8%a7%d9%84%d8%b9%d8%a7%d9%84%d9%85/,953,https://dash.alelm.net/wp-content/uploads/2021/06/largest-apparel-companies.jpg,4,1,0,CONTENT_MEDIA_EXTERNAL_HOST
979,https://dash.alelm.net/world/979/%d9%84%d9%85%d8%a7%d8%b0%d8%a7-%d8%aa%d8%aa%d8%b9%d9%85%d8%af-%d8%b4%d8%b1%d9%83%d8%a7%d8%aa-%d8%a7%d9%84%d8%a3%d8%b2%d9%8a%d8%a7%d8%a1-%d8%a7%d9%84%d8%b9%d8%a7%d9%84%d9%85%d9%8a%d8%a9-%d8%ad%d8%b1/,982,https://dash.alelm.net/wp-content/uploads/2021/06/121-192616-burberry-burning-stock-worth-millions_700x400.jpeg,4,1,0,CONTENT_MEDIA_EXTERNAL_HOST
996,https://dash.alelm.net/world/996/%d9%81%d9%88%d8%b1%d8%af-%d9%85%d9%84%d9%83%d8%a9-%d8%a7%d9%84%d8%b4%d8%a7%d8%ac%d9%86%d8%a7%d8%aa-%d8%a8%d9%84%d8%a7-%d9%85%d9%86%d8%a7%d8%b2%d8%b9/,1001,https://dash.alelm.net/wp-content/uploads/2021/06/210525093613-1925-ford-model-t-runabout-pickup-truck-super-169.jpg,5,1,0,CONTENT_MEDIA_EXTERNAL_HOST
1024,https://dash.alelm.net/sport/1024/%d8%a3%d9%81%d8%b6%d9%84-%d9%84%d8%a7%d8%b9%d8%a8%d9%8a-%d8%a7%d9%84%d8%aa%d9%86%d8%b3-%d9%81%d9%8a-%d8%a7%d9%84%d8%aa%d8%a7%d8%b1%d9%8a%d8%ae/,1040,https://dash.alelm.net/wp-content/uploads/2021/06/tennis-general-v2-26c0.jpg,6,1,0,CONTENT_MEDIA_EXTERNAL_HOST
1052,https://dash.alelm.net/technology/1052/%d9%84%d9%85%d8%a7%d8%b0%d8%a7-%d9%81%d8%b4%d9%84%d8%aa-%d8%aa%d8%b7%d8%a8%d9%8a%d9%82%d8%a7%d8%aa-%d8%a7%d9%84%d8%aa%d9%86%d8%a8%d9%8a%d9%87-%d9%85%d9%86-%d9%83%d9%88%d8%b1%d9%88%d9%86%d8%a7%d8%9f/,1057,https://dash.alelm.net/wp-content/uploads/2021/06/1621352929-8126.jpg,3,1,0,CONTENT_MEDIA_EXTERNAL_HOST
1063,https://dash.alelm.net/world/1063/%d9%87%d9%84-%d8%a7%d8%b3%d8%aa%d8%ba%d9%84%d8%aa-%d8%a3%d9%85%d8%b1%d9%8a%d9%83%d8%a7-%d8%a3%d9%81%d9%84%d8%a7%d9%85-%d8%ad%d8%b1%d8%a8-%d8%a7%d9%84%d9%86%d8%ac%d9%88%d9%85-%d9%84%d9%84%d9%82/,1065,https://dash.alelm.net/wp-content/uploads/2021/06/2518D8C7-32D8-41DD-A4B0-2D10853CB591.jpg,3,1,0,CONTENT_MEDIA_EXTERNAL_HOST
1074,https://dash.alelm.net/health/1074/%d9%87%d9%83%d8%b0%d8%a7-%d9%8a%d8%b9%d9%8a%d8%af-%d8%a7%d9%84%d8%af%d9%85%d8%a7%d8%ba-%d8%aa%d9%86%d8%b4%d9%8a%d8%b7-%d9%86%d9%81%d8%b3%d9%87-%d8%a8%d8%b9%d8%af-%d9%86%d9%88%d9%85-%d8%a7%d9%84%d8%aa/,1078,https://dash.alelm.net/wp-content/uploads/2021/06/what-is-it-like-going-under-general-anesthesia.jpg,6,1,0,CONTENT_MEDIA_EXTERNAL_HOST
1084,https://dash.alelm.net/world/1084/%d8%a3%d8%ba%d9%86%d9%89-%d8%a7%d9%84%d9%86%d8%b3%d8%a7%d8%a1-%d8%b9%d9%84%d9%89-%d8%a7%d9%84%d8%a3%d8%b1%d8%b6-%d9%81%d9%8a-%d8%b9%d8%a7%d9%85-2021/,1092,https://dash.alelm.net/wp-content/uploads/2021/06/Untitled-1مليارديراااات.jpg,3,1,0,CONTENT_MEDIA_EXTERNAL_HOST
1087,https://dash.alelm.net/health/1087/1087/,1088,https://dash.alelm.net/wp-content/uploads/2021/06/114912387_gettyimages-1169059199.jpg,4,1,0,CONTENT_MEDIA_EXTERNAL_HOST
1103,https://dash.alelm.net/sport/1103/%d8%a3%d8%b3%d9%88%d8%a3-%d8%a7%d9%84%d8%aa%d8%b9%d8%a7%d9%82%d8%af%d8%a7%d8%aa-%d9%81%d9%8a-%d8%aa%d8%a7%d8%b1%d9%8a%d8%ae-%d9%83%d8%b1%d8%a9-%d8%a7%d9%84%d9%82%d8%af%d9%85/,1109,https://dash.alelm.net/wp-content/uploads/2021/06/Real-Madrid-v-Osasuna-La-Liga-Santander-36f58f3448507c3a0f28df2f0f0dd2ad-1.jpg,11,1,0,CONTENT_MEDIA_EXTERNAL_HOST
1117,https://dash.alelm.net/world/1117/%d8%a7%d9%84%d8%b3%d9%84%d8%b9-%d8%a7%d9%84%d9%81%d8%a7%d8%ae%d8%b1%d8%a9-%d8%a7%d9%84%d8%a3%d9%83%d8%ab%d8%b1-%d8%a7%d9%82%d8%aa%d9%86%d8%a7%d8%a1%d9%8b-%d9%81%d9%8a-%d8%b9%d8%a7%d9%85-%d8%a7%d9%84/,1118,https://dash.alelm.net/wp-content/uploads/2021/06/9d5da1c5-02f7-48ef-9dee-92d9a402275c.png,3,1,0,CONTENT_MEDIA_EXTERNAL_HOST
1127,https://dash.alelm.net/current-events/1127/%d9%84%d9%85%d8%a7%d8%b0%d8%a7-%d8%af%d8%b9%d8%a7-%d8%a8%d8%a7%d9%8a%d8%af%d9%86-%d8%a5%d9%84%d9%89-%d8%aa%d8%ad%d9%82%d9%8a%d9%82-%d8%a7%d8%b3%d8%aa%d8%ae%d8%a8%d8%a7%d8%b1%d8%a7%d8%aa%d9%8a-%d8%a8/,1128,https://dash.alelm.net/wp-content/uploads/2021/06/118694994__118693155_hi067616827-1.jpg,5,1,0,CONTENT_MEDIA_EXTERNAL_HOST
1134,https://dash.alelm.net/world/1134/%d8%a3%d8%b3%d9%88%d8%a7%d9%82-%d8%a7%d9%84%d8%b7%d8%a7%d9%82%d8%a9-%d8%a7%d9%84%d9%85%d8%aa%d8%ac%d8%af%d8%af%d8%a9-%d8%a7%d9%84%d8%a3%d9%83%d8%ab%d8%b1-%d8%ac%d8%a7%d8%b0%d8%a8%d9%8a%d8%a9-%d9%81/,1135,https://dash.alelm.net/wp-content/uploads/2021/06/windsolar.jpg,12,1,0,CONTENT_MEDIA_EXTERNAL_HOST
1157,https://dash.alelm.net/world/1157/%d8%a3%d8%b9%d9%84%d9%89-%d8%a7%d9%84%d8%b9%d9%84%d8%a7%d9%85%d8%a7%d8%aa-%d8%a7%d9%84%d8%aa%d8%ac%d8%a7%d8%b1%d9%8a%d8%a9-%d9%84%d9%84%d8%a3%d9%86%d8%af%d9%8a%d8%a9-%d9%81%d9%8a-%d8%b9%d8%a7%d9%85-20/,1158,https://dash.alelm.net/wp-content/uploads/2021/06/520211863446861722846.jpg,2,2,0,CONTENT_MEDIA_EXTERNAL_HOST
1165,https://dash.alelm.net/health/1165/%d9%84%d9%82%d8%a7%d8%ad-%d8%a7%d9%84%d8%ac%d8%b1%d8%b9%d8%a9-%d8%a7%d9%84%d9%88%d8%a7%d8%ad%d8%af%d8%a9/,1168,https://dash.alelm.net/wp-content/uploads/2021/06/606fefae4236044a5004065a.jpg,6,1,0,CONTENT_MEDIA_EXTERNAL_HOST
1170,https://dash.alelm.net/world/1170/%d9%82%d8%a7%d8%a6%d9%85%d8%a9-%d9%81%d9%88%d8%b1%d8%a8%d8%b3-%d9%84%d8%a3%d8%ba%d9%86%d9%89-%d8%a7%d9%84%d8%b4%d8%ae%d8%b5%d9%8a%d8%a7%d8%aa-%d8%a7%d9%84%d8%b9%d8%b1%d8%a8%d9%8a%d8%a9-%d9%81%d9%8a/,1174,https://dash.alelm.net/wp-content/uploads/2021/06/Webp.net-resizeimage-43-1024x351-1.jpg,4,1,0,CONTENT_MEDIA_EXTERNAL_HOST
1186,https://dash.alelm.net/world/1186/%d8%a3%d8%ba%d9%86%d9%89-%d8%a7%d9%84%d8%a3%d8%ab%d8%b1%d9%8a%d8%a7%d8%a1-%d9%81%d9%8a-%d8%a7%d9%84%d8%b9%d8%a7%d9%84%d9%85-2021/,1187,https://dash.alelm.net/wp-content/uploads/2021/06/1ee2da9d-b900-4024-98da-759267646e5f.jpg,1,1,0,CONTENT_MEDIA_EXTERNAL_HOST
1205,https://dash.alelm.net/world/1205/%d8%a3%d9%83%d8%a8%d8%b1-%d8%b5%d9%81%d9%82%d8%a7%d8%aa-%d8%a7%d9%84%d8%a7%d8%b3%d8%aa%d8%ad%d9%88%d8%a7%d8%b0-%d8%a7%d9%84%d8%aa%d9%8a-%d9%82%d8%a7%d9%85%d8%aa-%d8%a8%d9%87%d8%a7-%d8%a3%d9%85%d8%a7/,1209,https://dash.alelm.net/wp-content/uploads/2021/06/114260042_hi062014386.jpg,8,2,0,CONTENT_MEDIA_EXTERNAL_HOST
1248,https://dash.alelm.net/health/1248/%d8%b7%d8%b1%d9%82-%d8%a5%d8%a8%d8%af%d8%a7%d8%b9%d9%8a%d8%a9-%d9%84%d8%a7%d8%b3%d8%aa%d8%ae%d8%af%d8%a7%d9%85-%d8%a8%d9%82%d8%a7%d9%8a%d8%a7-%d8%a7%d9%84%d8%b7%d8%b9%d8%a7%d9%85/,1251,https://dash.alelm.net/wp-content/uploads/2021/06/BF_001929_food-scaled.jpg,7,1,0,CONTENT_MEDIA_EXTERNAL_HOST
1261,https://dash.alelm.net/world/1261/%d9%84%d9%85%d8%a7%d8%b0%d8%a7-%d9%82%d8%b1%d8%b1%d8%aa-%d8%a7%d9%84%d8%b5%d9%8a%d9%86-%d8%a7%d9%84%d8%b3%d9%85%d8%a7%d8%ad-%d9%84%d9%84%d8%a3%d8%b2%d9%88%d8%a7%d8%ac-%d8%a8%d8%a5%d9%86%d8%ac%d8%a7/,1263,https://dash.alelm.net/wp-content/uploads/2021/06/160105104317-china-one-child-policy-kids-super-169.jpg,5,1,0,CONTENT_MEDIA_EXTERNAL_HOST
1267,https://dash.alelm.net/world/1267/%d8%b4%d8%b9%d8%a8-%d8%aa%d8%b3%d9%8a%d9%85%d8%a7%d9%86%d9%8a-%d8%a7%d9%84%d9%82%d8%a8%d9%8a%d9%84%d8%a9-%d8%a7%d9%84%d8%a3%d9%85%d8%a7%d8%b2%d9%88%d9%86%d9%8a%d8%a9-%d8%a7%d9%84%d8%a3%d9%83%d8%ab/,1270,https://dash.alelm.net/wp-content/uploads/2021/06/010-tsimane-2.jpg,3,1,0,CONTENT_MEDIA_EXTERNAL_HOST
1272,https://dash.alelm.net/world/1272/%d9%81%d9%8a-%d8%b9%d8%a7%d9%85-%d9%83%d9%88%d8%b1%d9%88%d9%86%d8%a7-%d8%b5%d9%81%d9%82%d8%a7%d8%aa-%d8%a7%d8%b3%d8%aa%d8%ad%d9%88%d8%a7%d8%b0-%d9%87%d8%b2%d9%91%d8%aa-%d8%a7%d9%84%d8%b9%d8%a7%d9%84/,2428,https://dash.alelm.net/wp-content/uploads/2021/06/ON-ED052_spihs1_GR_20201130073830-1.jpg,4,1,0,CONTENT_MEDIA_EXTERNAL_HOST
1285,https://dash.alelm.net/world/1285/%d8%a7%d9%84%d8%a8%d8%a7%d9%84%d9%88%d9%86%d8%a7%d8%aa-%d8%a7%d9%84%d9%82%d8%a7%d8%aa%d9%84%d8%a9-%d8%ad%d9%8a%d9%86-%d8%aa%d8%ad%d9%88%d9%91%d9%84-%d9%85%d9%87%d8%b1%d8%ac%d8%a7%d9%86-%d9%84%d9%84/,1289,https://dash.alelm.net/wp-content/uploads/2021/06/slide_346753_3657857_free.jpg,4,1,0,CONTENT_MEDIA_EXTERNAL_HOST
1306,https://dash.alelm.net/economy/1306/%d9%81%d9%8a-6-%d8%b3%d9%86%d9%88%d8%a7%d8%aa-%d8%ad%d9%83%d8%a7%d9%8a%d8%a9-%d8%a7%d9%85%d8%b1%d8%a3%d8%a9-%d8%ac%d8%a7%d8%a8%d8%aa-%d8%a7%d9%84%d8%b9%d8%a7%d9%84%d9%85-%d8%b3%d9%8a%d8%b1%d8%a7/,1314,https://dash.alelm.net/wp-content/uploads/2021/06/118765820_31cb45c6-9a60-45a5-a56e-d8a48d208100.jpg,4,1,0,CONTENT_MEDIA_EXTERNAL_HOST
1341,https://dash.alelm.net/world/1341/%d9%84%d9%85%d8%a7%d8%b0%d8%a7-%d8%aa%d9%88%d8%a7%d8%b5%d9%84-%d8%a3%d8%b3%d8%b9%d8%a7%d8%b1-%d8%a7%d9%84%d9%86%d9%81%d8%b7-%d8%a7%d8%b1%d8%aa%d9%81%d8%a7%d8%b9%d9%87%d8%a7/,1342,https://dash.alelm.net/wp-content/uploads/2021/06/biggest_oil_and_gas_companies-scaled.jpg,7,1,0,CONTENT_MEDIA_EXTERNAL_HOST
1349,https://dash.alelm.net/ksa/1349/%d8%a7%d9%84%d8%b4%d8%b1%d9%82-%d8%a7%d9%84%d8%a3%d9%88%d8%b3%d8%b7-%d8%a7%d9%84%d8%a3%d8%ae%d8%b6%d8%b1-%d9%85%d8%a7%d8%b0%d8%a7-%d8%aa%d8%b9%d8%b1%d9%81-%d8%b9%d9%86-%d9%85%d8%a8%d8%a7%d8%af%d8%b1/,1423,https://dash.alelm.net/wp-content/uploads/2021/06/1617045836204492300.jpg,4,1,0,CONTENT_MEDIA_EXTERNAL_HOST
1351,https://dash.alelm.net/technology/1351/4-%d8%ae%d8%b1%d8%a7%d9%81%d8%a7%d8%aa-%d8%ad%d9%88%d9%84-%d8%b4%d8%ad%d9%86-%d8%a8%d8%b7%d8%a7%d8%b1%d9%8a%d8%a9-%d8%a7%d9%84%d8%ac%d9%88%d8%a7%d9%84-%d8%aa%d9%88%d9%82%d9%81-%d8%b9%d9%86-%d8%aa/,1354,https://dash.alelm.net/wp-content/uploads/2021/06/Phone-Charging.jpg,5,1,0,CONTENT_MEDIA_EXTERNAL_HOST
1371,https://dash.alelm.net/technology/1371/%d8%ac%d9%88%d8%ac%d9%84-%d8%aa%d8%b4%d8%b9%d9%84-%d8%a7%d9%84%d9%85%d9%86%d8%a7%d9%81%d8%b3%d8%a9-%d9%85%d8%b9-%d8%a2%d8%a8%d9%84-%d9%81%d9%8a-%d8%ad%d9%85%d8%a7%d9%8a%d8%a9-%d8%a7%d9%84%d8%ae%d8%b5/,18092,https://dash.alelm.net/wp-content/uploads/2021/06/shutterstock_657608857-scaled.jpg,2,1,0,CONTENT_MEDIA_EXTERNAL_HOST
1378,https://dash.alelm.net/world/1378/%d9%83%d9%8a%d9%81-%d8%a3%d8%ab%d8%b1%d8%aa-%d8%ac%d8%a7%d8%a6%d8%ad%d8%a9-%d9%83%d9%88%d8%b1%d9%88%d9%86%d8%a7-%d8%b9%d9%84%d9%89-%d8%aa%d8%b2%d8%a7%d9%8a%d8%af-%d9%85%d8%b9%d8%af%d9%84%d8%a7%d8%aa/,1382,https://dash.alelm.net/wp-content/uploads/2021/06/111745054_gettyimages-1209563804.jpg,3,1,0,CONTENT_MEDIA_EXTERNAL_HOST
1390,https://dash.alelm.net/health/1390/%d9%83%d9%8a%d9%81-%d8%a3%d8%ab%d8%b1%d8%aa-%d8%a7%d9%84%d8%ac%d8%a7%d8%a6%d8%ad%d8%a9-%d8%b9%d9%84%d9%89-%d8%a3%d8%ad%d9%84%d8%a7%d9%85%d9%86%d8%a7%d8%9f/,1397,https://dash.alelm.net/wp-content/uploads/2021/06/7uW2OZqofA.jpg,4,1,0,CONTENT_MEDIA_EXTERNAL_HOST
1391,https://dash.alelm.net/world/1391/%d8%a8%d9%8a%d9%86%d9%87%d9%85-%d8%a3%d8%b1%d8%a7%d9%85%d9%83%d9%88-%d8%a3%d9%83%d8%ab%d8%b1-%d8%a7%d9%84%d8%b4%d8%b1%d9%83%d8%a7%d8%aa-%d8%b1%d8%a8%d8%ad%d9%8b%d8%a7-%d9%81%d9%8a-%d8%b9%d8%a7%d9%85/,1392,https://dash.alelm.net/wp-content/uploads/2021/06/profit-505_062218061820.jpg,5,1,0,CONTENT_MEDIA_EXTERNAL_HOST
1400,https://dash.alelm.net/health/1400/%d8%a7%d9%84%d8%b9%d9%85%d9%84-%d9%84%d8%b3%d8%a7%d8%b9%d8%a7%d8%aa-%d8%b7%d9%88%d9%8a%d9%84%d8%a9-%d9%8a%d9%82%d8%aa%d9%84-%d9%85%d8%a6%d8%a7%d8%aa-%d8%a7%d9%84%d8%a2%d9%84%d8%a7%d9%81-%d9%83%d9%84/,1403,https://dash.alelm.net/wp-content/uploads/2021/06/42774829_101.jpg,4,1,0,CONTENT_MEDIA_EXTERNAL_HOST
1452,https://dash.alelm.net/uncategorized/1452/%d9%84%d9%85%d8%a7%d8%b0%d8%a7-%d8%b3%d8%aa%d8%ad%d8%af%d8%af-%d9%82%d8%b1%d8%a7%d8%b1%d8%a7%d8%aa-%d8%af%d9%88%d9%84-%d9%85%d8%ac%d9%85%d9%88%d8%b9%d8%a9-%d8%a7%d9%84%d8%b3%d8%a8%d8%b9-%d8%a8%d8%b4/,1459,https://dash.alelm.net/wp-content/uploads/2021/06/مساعدة-الناس-في-الحصول-على-لقاح-كورونا.jpg,6,1,0,CONTENT_MEDIA_EXTERNAL_HOST
1487,https://dash.alelm.net/world/1487/%d9%84%d9%85%d8%a7%d8%b0%d8%a7-%d9%85%d9%86-%d8%a7%d9%84%d9%85%d9%87%d9%85-%d8%a7%d9%84%d8%b9%d8%ab%d9%88%d8%b1-%d8%b9%d9%84%d9%89-%d9%85%d9%86%d8%b4%d8%a3-%d9%81%d9%8a%d8%b1%d9%88%d8%b3-%d9%83%d9%88/,1476,https://dash.alelm.net/wp-content/uploads/2021/06/2021_6_5_12_6_19_477.jpeg,3,1,0,CONTENT_MEDIA_EXTERNAL_HOST
1514,https://dash.alelm.net/world/1514/%d8%ad%d9%82%d8%a7%d8%a6%d9%82-%d8%b9%d9%86-%d9%88%d8%ad%d9%8a%d8%af-%d8%a7%d9%84%d9%82%d8%b1%d9%86-%d8%a7%d9%84%d8%a3%d8%a8%d9%8a%d8%b6-%d8%a7%d9%84%d8%b4%d9%85%d8%a7%d9%84%d9%8a/,1516,https://dash.alelm.net/wp-content/uploads/2021/06/thumbs_b_c_97fbdac75e000ca1be0cd60d14c45955.jpg,4,1,0,CONTENT_MEDIA_EXTERNAL_HOST
1537,https://dash.alelm.net/current-events/1537/%d9%85%d9%86-%d9%87%d9%8a-%d9%85%d9%86%d9%89-%d8%a7%d9%84%d9%83%d8%b1%d8%af-%d8%a3%d9%8a%d9%82%d9%88%d9%86%d8%a9-%d8%ad%d9%8a-%d8%a7%d9%84%d8%b4%d9%8a%d8%ae-%d8%ac%d8%b1%d8%a7%d8%ad/,1538,https://dash.alelm.net/wp-content/uploads/2021/06/E3L2pHLXIAAKm6B.jpg,3,1,0,CONTENT_MEDIA_EXTERNAL_HOST
1544,https://dash.alelm.net/sport/1544/%d9%83%d9%8a%d9%81-%d8%ba%d9%8a%d9%91%d9%8e%d8%b1%d8%aa-%d8%a3%d9%88%d9%84%d9%8a%d9%85%d8%a8%d9%8a%d8%a7%d8%af-%d8%b9%d8%a7%d9%85-1964-%d8%b7%d9%88%d9%83%d9%8a%d9%88-%d8%a5%d9%84%d9%89-%d8%a7%d9%84/,1545,https://dash.alelm.net/wp-content/uploads/2021/06/1600x-1.jpg,6,1,0,CONTENT_MEDIA_EXTERNAL_HOST
1547,https://dash.alelm.net/health/1547/%d8%a3%d9%85%d8%b1%d8%a7%d8%b6-%d8%a3%d8%b4%d8%af-%d9%81%d8%aa%d9%83%d9%8b%d8%a7-%d9%85%d9%86-%d9%83%d9%88%d8%b1%d9%88%d9%86%d8%a7/,1550,https://dash.alelm.net/wp-content/uploads/2021/06/https___specials-images.forbesimg.com_imageserve_5f235229b1f56a6f6f8ce9ef_0x0.jpg,5,1,0,CONTENT_MEDIA_EXTERNAL_HOST
1566,https://dash.alelm.net/world/1566/%d9%84%d9%85%d8%a7%d8%b0%d8%a7-%d8%aa%d9%86%d8%af%d9%84%d8%b9-%d8%ad%d8%b1%d8%a8-%d8%ad%d9%88%d9%84-%d8%a5%d9%86%d8%aa%d8%a7%d8%ac-%d8%a7%d9%84%d9%81%d8%ad%d9%85-%d9%81%d9%8a-%d9%82%d9%84%d8%a8-%d8%a3/,1567,https://dash.alelm.net/wp-content/uploads/2021/06/117520096_coal.jpg,3,1,0,CONTENT_MEDIA_EXTERNAL_HOST
1589,https://dash.alelm.net/health/1589/%d8%a7%d9%84%d9%85%d8%b5%d8%a7%d9%81%d8%ad%d8%a9-%d8%a8%d8%a7%d9%84%d9%8a%d8%af-%d9%87%d9%84-%d8%b3%d9%86%d8%b9%d9%88%d8%af-%d8%a5%d9%84%d9%8a%d9%87%d8%a7-%d8%a8%d8%b9%d8%af-%d8%a7%d9%84%d8%ac%d8%a7/,1612,https://dash.alelm.net/wp-content/uploads/2021/06/1200-Has-coronavirus-killed-real-estates-handshake-deal-650x405-1.jpg,3,1,0,CONTENT_MEDIA_EXTERNAL_HOST
1590,https://dash.alelm.net/world/1590/%d9%85%d8%a7%d8%b0%d8%a7-%d9%84%d9%88-%d8%a7%d8%ad%d8%aa%d8%b1%d9%82%d8%aa-%d8%ba%d8%a7%d8%a8%d8%a7%d8%aa-%d8%a7%d9%84%d8%a3%d9%85%d8%a7%d8%b2%d9%88%d9%86-%d8%a8%d8%a7%d9%84%d9%83%d8%a7%d9%85%d9%84/,1593,https://dash.alelm.net/wp-content/uploads/2021/06/65076b5fb28088f157648254e6.jpg,3,1,0,CONTENT_MEDIA_EXTERNAL_HOST
1632,https://dash.alelm.net/current-events/1632/%d9%85%d8%b1%d9%83%d8%b2-%d8%a7%d9%84%d9%85%d9%84%d9%83-%d8%b3%d9%84%d9%85%d8%a7%d9%86-%d9%84%d9%84%d8%a5%d8%ba%d8%a7%d8%ab%d8%a9-%d9%88%d8%a7%d9%84%d8%a3%d8%b9%d9%85%d8%a7%d9%84-%d8%a7%d9%84%d8%a5/,1633,https://dash.alelm.net/wp-content/uploads/2021/06/2652616-662623795.jpg,3,1,0,CONTENT_MEDIA_EXTERNAL_HOST
1645,https://dash.alelm.net/world/1645/5-%d9%86%d8%ac%d9%88%d9%85-%d8%a3%d8%ba%d8%b1%d8%a8-%d8%b3%d8%ac%d9%88%d9%86-%d8%a7%d9%84%d8%b9%d8%a7%d9%84%d9%85/,1649,https://dash.alelm.net/wp-content/uploads/2021/06/السجن.jpg,5,1,0,CONTENT_MEDIA_EXTERNAL_HOST
1678,https://dash.alelm.net/art/1678/%d8%ae%d8%b3%d8%a7%d8%a6%d8%b1-%d8%a7%d9%84%d8%ad%d8%b1%d8%a8-%d8%a7%d9%84%d8%b9%d8%a7%d9%84%d9%85%d9%8a%d8%a9-%d8%a7%d9%84%d8%ab%d8%a7%d9%86%d9%8a%d8%a9/,1682,https://dash.alelm.net/wp-content/uploads/2021/06/الحرب-العالمية-الثانية.jpg,6,1,0,CONTENT_MEDIA_EXTERNAL_HOST
1690,https://dash.alelm.net/world/1690/%d8%a8%d8%b9%d8%af-%d8%a7%d9%86%d8%b3%d8%ad%d8%a7%d8%a8-%d8%b1%d9%88%d8%b3%d9%8a%d8%a7-%d8%b1%d8%b3%d9%85%d9%8a%d9%8b%d8%a7-%d9%85%d8%a7%d8%b0%d8%a7-%d9%86%d8%b9%d8%b1%d9%81-%d8%b9%d9%86-%d9%85%d8%b9/,1691,https://dash.alelm.net/wp-content/uploads/2021/06/OpenSkies_0.jpg,6,1,0,CONTENT_MEDIA_EXTERNAL_HOST
1728,https://dash.alelm.net/current-events/1728/%d9%85%d8%a7%d8%b0%d8%a7-%d9%84%d9%88-%d8%a7%d9%86%d9%87%d8%a7%d8%b1-%d8%b3%d8%af-%d8%a7%d9%84%d9%86%d9%87%d8%b6%d8%a9%d8%9f/,1730,https://dash.alelm.net/wp-content/uploads/2021/06/60b9fe04423604567a366175.jpg,7,1,0,CONTENT_MEDIA_EXTERNAL_HOST
1761,https://dash.alelm.net/technology/1761/%d9%83%d9%8a%d9%81-%d9%8a%d8%aa%d8%ac%d8%b3%d8%b3-%d8%b3%d9%86%d8%a7%d8%a8-%d8%b4%d8%a7%d8%aa-%d8%b9%d9%84%d9%89-%d8%a7%d9%84%d9%85%d8%ad%d8%aa%d9%88%d9%89%d8%9f/,1765,https://dash.alelm.net/wp-content/uploads/2021/06/Does-Snapchat-peek-into-your-private-content.jpg,3,1,0,CONTENT_MEDIA_EXTERNAL_HOST
1850,https://dash.alelm.net/world/1850/%d8%a7%d9%84%d8%a3%d8%a8-%d8%a7%d9%84%d8%b1%d9%88%d8%ad%d9%8a-%d9%84%d9%80-mri-%d9%85%d9%86-%d9%87%d9%88-%d8%b9%d8%a7%d9%84%d9%85-%d9%86%d9%88%d8%a8%d9%84-%d8%b1%d9%8a%d8%aa%d8%b4/,1851,https://dash.alelm.net/wp-content/uploads/2021/06/nobel-winning-mri-pioneer-richard-ernst-dies-1623173523-9001.jpg,5,1,0,CONTENT_MEDIA_EXTERNAL_HOST
1874,https://dash.alelm.net/art/1874/%d9%85%d8%a7-%d8%a7%d9%84%d9%81%d8%b1%d9%82-%d8%a8%d9%8a%d9%86-%d8%a7%d9%84%d9%82%d9%86%d8%a8%d9%84%d8%a9-%d8%a7%d9%84%d9%86%d9%88%d9%88%d9%8a%d8%a9-%d9%88%d8%a7%d9%84%d8%b0%d8%b1%d9%8a%d8%a9%d8%9f/,1879,https://dash.alelm.net/wp-content/uploads/2021/06/Atomic-Bomb-e1577489338694.jpg,5,1,0,CONTENT_MEDIA_EXTERNAL_HOST
1920,https://dash.alelm.net/health/1920/%d8%aa%d8%ad%d8%af%d9%8a-%d8%b3%d8%a7%d8%b9%d8%a9-%d8%ac%d8%b3%d9%85%d9%83-%d9%84%d9%84%d8%a7%d8%b3%d8%aa%d9%8a%d9%82%d8%a7%d8%b8-%d9%85%d8%a8%d9%83%d8%b1%d9%8b%d8%a7-%d9%82%d8%af-%d9%8a%d8%b6%d8%b1/,1921,https://dash.alelm.net/wp-content/uploads/2021/06/Canva-Photo-of-Person-Holding-Alarm-Clock-scaled-1.jpg,8,1,0,CONTENT_MEDIA_EXTERNAL_HOST
2018,https://dash.alelm.net/health/2018/%d9%83%d9%8a%d9%81-%d9%8a%d9%85%d9%83%d9%86-%d9%84%d9%84%d8%a3%d8%b7%d9%81%d8%a7%d9%84-%d8%a7%d9%84%d9%84%d8%b9%d8%a8-%d8%a8%d8%a3%d9%85%d8%a7%d9%86-%d9%87%d8%b0%d8%a7-%d8%a7%d9%84%d8%b5%d9%8a%d9%81/,2019,https://dash.alelm.net/wp-content/uploads/2021/06/iStock-494239087.jpg,8,1,0,CONTENT_MEDIA_EXTERNAL_HOST
2166,https://dash.alelm.net/world/2166/%d9%83%d9%8a%d9%81-%d8%ac%d9%85%d8%b9-%d8%aa%d9%88%d9%85%d8%a7%d8%b3-%d8%a5%d8%af%d9%8a%d8%b3%d9%88%d9%86-%d9%85%d8%ae%d8%aa%d8%b1%d8%b9-%d8%a7%d9%84%d9%85%d8%b5%d8%a8%d8%a7%d8%ad-%d8%a7%d9%84%d9%83/,2167,https://dash.alelm.net/wp-content/uploads/2021/06/edison-inventor.jpg,3,1,0,CONTENT_MEDIA_EXTERNAL_HOST
2204,https://dash.alelm.net/world/2204/%d8%a7%d9%84%d8%a8%d9%8a%d8%a6%d8%a9-%d9%85%d8%ad%d8%b1%d9%83-%d8%a7%d9%84%d8%aa%d8%ba%d9%8a%d9%8a%d8%b1-%d9%81%d9%8a-%d8%b5%d9%86%d8%a7%d8%b9%d8%a9-%d8%a7%d9%84%d8%b7%d9%8a%d8%b1%d8%a7%d9%86-%d9%83/,2205,https://dash.alelm.net/wp-content/uploads/2021/06/106896369-1623659241605-gettyimages-1156498099-AFP_1IX555.jpeg,4,1,0,CONTENT_MEDIA_EXTERNAL_HOST
2210,https://dash.alelm.net/health/2210/%d8%a7%d9%84%d8%b5%d8%af%d8%a7%d8%b9-%d9%88%d8%b3%d9%8a%d9%84%d8%a7%d9%86-%d8%a7%d9%84%d8%a3%d9%86%d9%81-%d9%85%d8%b1%d8%aa%d8%a8%d8%b7%d8%a7%d9%86-%d8%a8%d9%80-%d9%85%d8%aa%d8%ad%d9%88%d8%b1/,2216,https://dash.alelm.net/wp-content/uploads/2021/06/PA-58557526.jpg,6,1,0,CONTENT_MEDIA_EXTERNAL_HOST
2218,https://dash.alelm.net/health/2218/%d9%87%d9%84-%d9%8a%d8%a4%d8%ab%d8%b1-%d9%81%d9%82%d8%af%d8%a7%d9%86-%d8%ad%d8%a7%d8%b3%d8%a9-%d8%a7%d9%84%d8%b4%d9%85-%d8%a8%d8%b3%d8%a8%d8%a8-%d9%83%d9%88%d9%81%d9%8a%d8%af-19-%d8%b9%d9%84%d9%89/,2221,https://dash.alelm.net/wp-content/uploads/2021/06/covidLossSmell-889446600-770x533-1.jpg,5,1,0,CONTENT_MEDIA_EXTERNAL_HOST
2341,https://dash.alelm.net/world/2341/%d8%ad%d9%81%d8%b8-10-%d8%a2%d9%84%d8%a7%d9%81-%d8%b9%d8%a7%d9%85-%d9%85%d9%86-%d8%b0%d8%a7%d9%83%d8%b1%d8%a9-%d8%a7%d9%84%d9%85%d9%86%d8%a7%d8%ae-%d9%81%d9%8a-%d8%a3%d9%82%d8%af%d9%85-%d8%ac%d9%84/,2342,https://dash.alelm.net/wp-content/uploads/2021/06/alps.jpg,4,1,0,CONTENT_MEDIA_EXTERNAL_HOST
5080,https://dash.alelm.net/technology/5080/2040-the-future-holds-jobs-you-never-thought-possible/,5083,https://dash.alelm.net/wp-content/uploads/2021/08/virtual_reality_headset_reaction_times.jpg,2,1,0,CONTENT_MEDIA_EXTERNAL_HOST
6812,https://dash.alelm.net/health/6812/idoes-a-child-really-affected-by-being-an-onlychild/,6833,https://dash.alelm.net/wp-content/uploads/2021/08/طفل-وحيد.jpg,3,1,0,CONTENT_MEDIA_EXTERNAL_HOST
6879,https://dash.alelm.net/varieties/6879/%d8%a7%d9%84%d9%85%d8%b3%d8%aa%d8%b7%d9%8a%d9%84%d8%a7%d8%aa-%d8%a7%d9%84%d8%b3%d8%b9%d9%88%d8%af%d9%8a%d8%a9-%d8%a7%d9%84%d8%ba%d8%a7%d9%85%d8%b6%d8%a9-%d9%87%d9%8a%d8%a7%d9%83%d9%84-%d9%82%d8%a7/,6903,https://dash.alelm.net/wp-content/uploads/2021/08/في-السعودية.jpg,8,2,0,CONTENT_MEDIA_EXTERNAL_HOST
9049,https://dash.alelm.net/current-events/9049/a-coup-detat-in-guinea-soldiers-arrest-the-president-and-suspend-the-constitution/,9052,https://dash.alelm.net/wp-content/uploads/2021/09/5d3c65a7665fe.jpg,6,1,0,CONTENT_MEDIA_EXTERNAL_HOST
9239,https://dash.alelm.net/art/9239/%d9%85%d8%a7%d9%86%d8%ac%d8%a7-%d8%a7%d9%84%d8%b9%d8%b1%d8%a8%d9%8a%d8%a9-%d9%85%d8%ac%d9%84%d8%a9-%d8%b3%d8%b9%d9%88%d8%af%d9%8a%d8%a9-%d8%aa%d9%82%d8%af%d9%85-%d9%81%d9%86%d9%8b%d8%a7-%d9%8a/,9240,https://dash.alelm.net/wp-content/uploads/2021/09/E8-9PniXEAAxh-M-620x330-1.jpg,4,2,0,CONTENT_MEDIA_EXTERNAL_HOST
9721,https://dash.alelm.net/uncategorized/9721/the-most-profitable-publishing-company/,,,1,0,0,NO_FEATURED_MEDIA
9988,https://dash.alelm.net/varieties/9988/jordans-red-lake-controversy-and-mystery-await-the-secret-to-be-revealed/,9989,https://dash.alelm.net/wp-content/uploads/2021/09/image-2.jpg,5,1,0,CONTENT_MEDIA_EXTERNAL_HOST
11226,https://dash.alelm.net/world/11226/happened-on-this-day-20-september/,,,1,0,0,NO_FEATURED_MEDIA
12041,https://dash.alelm.net/health/12041/world-pharmacists-day-the-most-famous-pharmacists-of-all-time/,,,1,0,0,NO_FEATURED_MEDIA
17468,https://dash.alelm.net/uncategorized/17468/one-of-them-appeared-in-a-famous-series-7-inventions-created-by-the-ancients-impossible-to-produce-today/,17543,https://dash.alelm.net/wp-content/uploads/2021/10/Got_2.jpg,7,6,0,CONTENT_MEDIA_EXTERNAL_HOST
17983,https://dash.alelm.net/world/17983/extraordinary-building-how-buildings-are-like-in-the-northern-pole-an-austarian-photographer-answers/,18096,https://dash.alelm.net/wp-content/uploads/2021/10/shutterstock_1130171051-scaled.jpg,6,1,0,CONTENT_MEDIA_EXTERNAL_HOST
18043,https://dash.alelm.net/varieties/18043/on-world-statistics-day-top-10-famous-statisticians/,18052,https://dash.alelm.net/wp-content/uploads/2021/10/10-statititians.jpg,8,8,0,CONTENT_MEDIA_EXTERNAL_HOST
18421,https://dash.alelm.net/technology/18421/what-does-it-feel-like-to-go-to-space-a-recent-space-traveler-answers/,18422,https://dash.alelm.net/wp-content/uploads/2021/10/2250.jpg,3,1,0,CONTENT_MEDIA_EXTERNAL_HOST
19902,https://dash.alelm.net/world/19902/%d8%b0%d9%83%d8%b1%d9%89-%d8%a7%d9%84%d8%ab%d9%88%d8%b1%d8%a9-%d8%a7%d9%84%d8%ac%d8%b2%d8%a7%d8%a6%d8%b1%d9%8a%d8%a9-%d8%b5%d9%88%d8%b1-%d8%aa%d8%b1%d8%b5%d8%af-%d9%86%d8%b6%d8%a7%d9%84-%d8%a7%d9%84/,19910,https://dash.alelm.net/wp-content/uploads/2021/11/troops-beating-protestor-1.jpg,10,10,0,CONTENT_MEDIA_EXTERNAL_HOST
20366,https://dash.alelm.net/economy/20366/%d8%a7%d9%84%d8%a3%d8%b1%d8%a8%d8%a7%d8%ad-%d8%a7%d9%84%d9%85%d8%aa%d9%88%d9%82%d8%b9%d8%a9-%d9%85%d9%86-%d9%81%d8%b1%d8%b6-%d8%b6%d8%b1%d9%8a%d8%a8%d8%a9-%d8%b9%d9%84%d9%89-%d8%a7%d9%84%d8%b4%d8%b1/,20368,https://dash.alelm.net/wp-content/uploads/2021/11/image.jpg,2,1,0,CONTENT_MEDIA_EXTERNAL_HOST
21145,https://dash.alelm.net/current-events/21145/%d9%84%d9%85%d8%a7%d8%b0%d8%a7-%d8%aa%d8%a8%d9%86%d9%8a-%d8%a7%d9%84%d8%b5%d9%8a%d9%86-%d9%86%d9%85%d8%a7%d8%b0%d8%ac-%d9%84%d8%b3%d9%81%d9%86-%d8%ad%d8%b1%d8%a8%d9%8a%d8%a9-%d8%a3%d9%85%d9%8a%d8%b1/,21153,https://dash.alelm.net/wp-content/uploads/2021/11/China_US_Military_34168-ead5c.jpg,2,2,0,CONTENT_MEDIA_EXTERNAL_HOST
21194,https://dash.alelm.net/politics/21194/%d8%a7%d9%84%d8%a7%d8%ba%d8%aa%d9%8a%d8%a7%d9%84%d8%a7%d8%aa-%d8%a7%d9%84%d8%b3%d9%8a%d8%a7%d8%b3%d9%8a%d8%a9-%d9%81%d9%8a-%d8%a7%d9%84%d8%b9%d8%b1%d8%a7%d9%82/,21199,https://dash.alelm.net/wp-content/uploads/2021/11/19_2021-637687803179775513-977.jpg,4,4,0,CONTENT_MEDIA_EXTERNAL_HOST
21407,https://dash.alelm.net/current-events/21407/%d8%aa%d9%8a%d8%ba%d8%b1%d8%a7%d9%8a-%d8%aa%d8%aa%d9%82%d8%af%d9%85-%d9%88%d8%a7%d9%84%d8%a3%d9%85%d9%85-%d8%a7%d9%84%d9%85%d8%aa%d8%ad%d8%af%d8%a9-%d8%aa%d8%ad%d8%b0%d8%b1/,21411,https://dash.alelm.net/wp-content/uploads/2021/11/z28.jpg,5,4,0,CONTENT_MEDIA_EXTERNAL_HOST
21547,https://dash.alelm.net/current-events/21547/%d8%a8%d8%b9%d8%af-%d8%b3%d8%b1%d9%82%d8%aa%d9%87%d8%a7-%d8%a5%d9%8a%d8%b1%d8%a7%d9%86-%d8%aa%d9%81%d8%b1%d8%ac-%d8%b9%d9%86-%d9%86%d8%a7%d9%82%d9%84%d8%a9-%d8%a7%d9%84%d9%86%d9%81%d8%b7-%d8%a7/,21590,https://dash.alelm.net/wp-content/uploads/2021/11/618b51284236044f0b4fd6cf.jpg,3,2,0,CONTENT_MEDIA_EXTERNAL_HOST
21592,https://dash.alelm.net/politics/21592/%d8%b3%d9%88%d8%b1%d9%8a%d8%a7-%d8%b9%d9%88%d8%af%d8%a9-%d9%85%d8%b1%d8%aa%d9%82%d8%a8%d8%a9-%d9%84%d9%84%d9%85%d9%82%d8%b9%d8%af-%d8%a7%d9%84%d8%b4%d8%a7%d8%ba%d8%b1-%d9%85%d9%86%d8%b0-%d8%b9%d9%82/,21634,https://dash.alelm.net/wp-content/uploads/2021/11/1014148078_0_1155_6944_4912_1000x541_80_0_0_db8376e2fbf9c5c81dd304e603402cf9.jpg,3,3,0,CONTENT_MEDIA_EXTERNAL_HOST
21774,https://dash.alelm.net/world/21774/%d8%b6%d8%ad%d8%a7%d9%8a%d8%a7-%d8%a7%d9%84%d8%a3%d9%84%d8%ba%d8%a7%d9%85-%d9%81%d9%8a-%d8%b3%d9%88%d8%b1%d9%8a%d8%a7-%d8%a7%d9%84%d8%ad%d8%b5%d9%8a%d9%84%d8%a9-%d8%a7%d9%84%d8%a3%d8%b9%d9%84%d9%89/,21776,https://dash.alelm.net/wp-content/uploads/2021/11/1596387265148851419.jpeg,2,2,0,CONTENT_MEDIA_EXTERNAL_HOST
21829,https://dash.alelm.net/health/21829/%d9%84%d9%85%d8%a7%d8%b0%d8%a7-%d8%a7%d8%b1%d8%aa%d9%81%d8%b9%d8%aa-%d8%a5%d8%b5%d8%a7%d8%a8%d8%a7%d8%aa-%d9%83%d9%88%d8%b1%d9%88%d9%86%d8%a7-%d9%81%d9%8a-%d8%a3%d9%88%d8%b1%d9%88%d8%a8%d8%a7/,21831,https://dash.alelm.net/wp-content/uploads/2021/11/2020_11_4_16_0_50_708.jpg,2,2,0,CONTENT_MEDIA_EXTERNAL_HOST
21871,https://dash.alelm.net/uncategorized/21871/%d9%85%d8%b5%d9%8a%d8%b1-%d8%a7%d9%84%d8%b1%d8%ac%d9%84-%d8%a7%d9%84%d8%ba%d8%a7%d9%85%d8%b6-%d8%a7%d9%84%d8%b0%d9%8a-%d8%b4%d8%ba%d9%84-%d8%a3%d9%85%d8%b1%d9%8a%d9%83%d8%a7%d8%9f/,21875,https://dash.alelm.net/wp-content/uploads/2021/11/93913Image1-1180x677_d.jpg,3,2,0,CONTENT_MEDIA_EXTERNAL_HOST
21915,https://dash.alelm.net/varieties/21915/%d9%8a%d9%87%d8%b2%d9%85-%d8%a7%d9%84%d8%ba%d8%b6%d8%a8-%d9%88%d8%a7%d9%84%d9%83%d8%b1%d8%a7%d9%87%d9%8a%d8%a9-%d9%83%d9%8a%d9%81-%d8%b1%d9%88%d8%ac-%d8%ad%d8%b2%d8%a8-%d9%87%d9%86%d8%af%d9%8a/,21921,https://dash.alelm.net/wp-content/uploads/2021/11/61-125859-india-elections_700x400.jpg,1,1,0,CONTENT_MEDIA_EXTERNAL_HOST
22022,https://dash.alelm.net/economy/22022/%d9%83%d9%8a%d9%81-%d8%aa%d8%ba%d9%8a%d8%b1%d8%aa-%d9%85%d9%83%d8%a7%d9%86%d8%a9-%d8%a7%d9%84%d9%85%d8%b1%d8%a7%d9%83%d8%b2-%d8%a7%d9%84%d9%85%d8%a7%d9%84%d9%8a%d8%a9-%d8%a7%d9%84%d8%b9%d8%a7%d9%84/,,,1,0,0,NO_FEATURED_MEDIA
22662,https://dash.alelm.net/health/22662/%d9%84%d9%85%d8%a7%d8%b0%d8%a7-%d9%88%d8%b5%d9%81%d8%aa-%d8%a8%d8%b1%d9%8a%d8%b7%d8%a7%d9%86%d9%8a%d8%a7-%d8%a7%d9%84%d8%b3%d8%ac%d8%a7%d8%a6%d8%b1-%d8%a7%d9%84%d8%a5%d9%84%d9%83%d8%aa%d8%b1%d9%88/,22668,https://dash.alelm.net/wp-content/uploads/2021/11/electro.jpg,2,2,0,CONTENT_MEDIA_EXTERNAL_HOST
25136,https://dash.alelm.net/health/25136/%d9%85%d8%a7%d8%b0%d8%a7-%d9%8a%d8%b9%d9%86%d9%8a-%d8%a7%d9%84%d8%aa%d9%86%d8%a7%d8%b2%d9%84-%d8%b9%d9%86-%d8%ad%d9%82%d9%88%d9%82-%d8%a8%d8%b1%d8%a7%d8%a1%d8%a7%d8%aa/,25138,https://dash.alelm.net/wp-content/uploads/2021/11/19_2021-637656786341224694-122.jpg,3,3,0,CONTENT_MEDIA_EXTERNAL_HOST
25190,https://dash.alelm.net/art/25190/%d9%84%d9%85%d8%a7%d8%b0%d8%a7-%d8%aa%d9%88%d9%82%d9%81-%d8%a7%d9%84%d9%81%d8%b1%d8%a7%d8%b9%d9%86%d8%a9-%d8%b9%d9%86-%d8%a8%d9%86%d8%a7%d8%a1-%d8%a7%d9%84%d8%a3%d9%87%d8%b1%d8%a7%d9%85%d8%a7%d8%aa/,25191,https://dash.alelm.net/wp-content/uploads/2021/11/giza.jpg,3,2,0,CONTENT_MEDIA_EXTERNAL_HOST
25534,https://dash.alelm.net/current-events/25534/%d8%a5%d9%86%d8%aa%d8%a7%d8%ac-%d8%a8%d8%b7%d8%a7%d8%b7%d8%b3-%d8%aa%d9%82%d8%a7%d9%88%d9%85-%d8%a7%d9%84%d9%85%d9%86%d8%a7%d8%ae/,25535,https://dash.alelm.net/wp-content/uploads/2021/11/researchers-try-produc-2.jpg,5,2,0,CONTENT_MEDIA_EXTERNAL_HOST
25676,https://dash.alelm.net/varieties/25676/%d9%83%d9%8a%d9%81-%d8%ad%d8%b5%d8%af-%d8%a7%d9%84%d8%b7%d8%a7%d8%b9%d9%88%d9%86-%d8%a7%d9%84%d8%b9%d8%ab%d9%85%d8%a7%d9%86%d9%8a-%d8%b1%d9%88%d8%ad-320-%d8%a3%d9%84%d9%81/,25678,https://dash.alelm.net/wp-content/uploads/2021/11/طاعون-660x330-1.jpg,3,3,0,CONTENT_MEDIA_EXTERNAL_HOST
25740,https://dash.alelm.net/varieties/25740/%d8%a3%d8%b4%d9%87%d8%b1-%d8%a7%d9%84%d8%a3%d9%85%d8%a7%d9%83%d9%86-%d8%a7%d9%84%d8%b3%d9%8a%d8%a7%d8%ad%d9%8a%d8%a9/,25741,https://dash.alelm.net/wp-content/uploads/2021/12/ccimage-shutterstock_1036958305.jpg,5,4,1,CONTENT_MEDIA_EXTERNAL_HOST|CONTENT_MEDIA_NOT_HTTPS
27481,https://dash.alelm.net/uncategorized/27481/%d8%a3%d9%81%d8%ba%d8%a7%d9%86%d8%b3%d8%aa%d8%a7%d9%86-%d9%88%d9%83%d9%88%d9%81%d9%8a%d8%af-%d9%85%d8%a7-%d8%a3%d9%83%d8%ab%d8%b1-%d8%a7%d9%84%d9%85%d9%88%d8%a7%d8%b6%d9%8a%d8%b9/,27482,https://dash.alelm.net/wp-content/uploads/2021/12/191266.jpg,4,4,0,CONTENT_MEDIA_EXTERNAL_HOST
27706,https://dash.alelm.net/technology/27706/%d8%a7%d9%84%d8%a5%d9%82%d8%a8%d8%a7%d9%84-%d8%b9%d9%84%d9%89-%d8%b4%d8%b1%d8%a7%d8%a1-%d8%b9%d9%82%d8%a7%d8%b1%d8%a7%d8%aa-%d8%a7%d9%84%d9%85%d9%8a%d8%aa%d8%a7%d9%81%d9%8a%d8%b1%d8%b3/,27729,https://dash.alelm.net/wp-content/uploads/2021/12/Untitled-1.jpg,2,2,0,CONTENT_MEDIA_EXTERNAL_HOST
27734,https://dash.alelm.net/sport/27734/%d9%86%d8%ac%d9%88%d9%85-%d8%a7%d8%b6%d8%b7%d8%b1%d9%88%d8%a7-%d9%84%d8%a7%d8%b1%d8%aa%d8%af%d8%a7%d8%a1-%d9%82%d9%81%d8%a7%d8%b2%d8%a7%d8%aa-%d8%a7%d9%84%d8%ad%d8%b1%d8%a7%d8%b3/,27765,https://dash.alelm.net/wp-content/uploads/2021/12/pinterest.jpg,5,5,0,CONTENT_MEDIA_EXTERNAL_HOST
27850,https://dash.alelm.net/current-events/27850/%d8%a7%d9%84%d8%ae%d8%b3%d8%a7%d8%a6%d8%b1-%d8%a7%d9%84%d8%a7%d9%82%d8%aa%d8%b5%d8%a7%d8%af%d9%8a%d8%a9/,27856,https://dash.alelm.net/wp-content/uploads/2021/12/122072843_mediaitem122072842.jpg,2,2,0,CONTENT_MEDIA_EXTERNAL_HOST
28486,https://dash.alelm.net/ksa/28486/%d9%81%d9%8a-%d9%8a%d9%88%d9%85-%d8%a7%d9%84%d8%aa%d8%b6%d8%a7%d9%85%d9%86-%d8%a7%d9%84%d8%a5%d9%86%d8%b3%d8%a7%d9%86%d9%8a-%d8%aa%d8%a7%d8%b1%d9%8a%d8%ae-%d8%ad%d8%a7%d9%81%d9%84-%d9%84%d9%84/,28488,https://dash.alelm.net/wp-content/uploads/2021/12/bd7f8ab6e606d8860e33429d6f8bf1bc.jpg,3,3,1,CONTENT_MEDIA_EXTERNAL_HOST|CONTENT_MEDIA_NOT_HTTPS
28630,https://dash.alelm.net/technology/28630/%d9%81%d8%b1%d9%8a%d9%82-%d9%85%d8%ba%d8%b1%d8%a8%d9%8a-%d9%8a%d9%81%d9%88%d8%b2-%d8%a8%d8%a7%d9%84%d8%ac%d8%a7%d8%a6%d8%b2%d8%a9-%d8%a7%d9%84%d8%a3%d9%88%d9%84%d9%89-%d9%85%d9%86-%d9%86%d8%a7%d8%b3/,28635,https://dash.alelm.net/wp-content/uploads/2021/12/63061-1766556437.jpg,4,4,0,CONTENT_MEDIA_EXTERNAL_HOST
28898,https://dash.alelm.net/economy/28898/%d8%a3%d9%83%d8%a8%d8%b1-10-%d9%85%d9%84%d9%8a%d8%a7%d8%b1%d8%af%d9%8a%d8%b1%d8%a7%d8%aa-%d8%ae%d8%b3%d8%a7%d8%b1%d8%a9-%d9%81%d9%8a-2021/,28913,https://dash.alelm.net/wp-content/uploads/2021/12/20a798f2-64dc-4361-b87f-e8cbd7ff0333.jpeg,10,10,0,CONTENT_MEDIA_EXTERNAL_HOST
28983,https://dash.alelm.net/current-events/28983/%d8%a8%d8%b9%d8%af-%d8%ad%d8%a7%d8%af%d8%ab%d8%a9-%d9%86%d8%b3%d8%b1%d9%8a%d9%86-%d8%a7%d9%84%d9%86%d9%88%d9%81%d9%84-%d9%83%d9%8a%d9%81-%d9%83%d8%a7%d9%86%d8%aa-%d8%ad%d9%88%d8%a7%d8%af%d8%ab/,29002,https://dash.alelm.net/wp-content/uploads/2021/12/نسرين-النوفل.jpg,2,1,0,CONTENT_MEDIA_EXTERNAL_HOST
34607,https://dash.alelm.net/ksa/34607/%d8%b3%d9%88%d9%82-%d8%a7%d9%84%d8%a3%d9%84%d8%b9%d8%a7%d8%a8-%d8%a7%d9%84%d8%a5%d9%84%d9%83%d8%aa%d8%b1%d9%88%d9%86%d9%8a%d8%a9-%d8%a7%d9%84%d8%b3%d8%b9%d9%88%d8%af%d9%8a-%d9%81%d9%8a-%d8%a3%d8%b1/,,,1,0,0,NO_FEATURED_MEDIA
35389,https://dash.alelm.net/sport/35389/%d9%8a%d8%ad%d9%82%d9%82-%d8%a7%d9%84%d8%a8%d8%b7%d9%88%d9%84%d8%a9-%d8%a7%d9%84%d8%a3%d8%ba%d9%84%d9%89-%d9%81%d9%8a-%d8%a5%d9%81%d8%b1%d9%8a%d9%82%d9%8a%d8%a7/,35390,https://dash.alelm.net/wp-content/uploads/2022/02/1724786_0.jpg,3,3,0,CONTENT_MEDIA_EXTERNAL_HOST
35417,https://dash.alelm.net/varieties/35417/%d8%aa%d8%ae%d8%b1%d9%8a%d8%a8-%d9%85%d9%86%d8%ad%d9%88%d8%aa%d8%a9-%d9%81%d9%8a-%d9%81%d8%b1%d9%86%d8%b3%d8%a7-%d9%84%d8%aa%d8%ae%d9%84%d9%8a%d8%af-%d8%b0%d9%83%d8%b1%d9%89/,35419,https://dash.alelm.net/wp-content/uploads/2022/02/Capture-1.jpg,5,2,0,CONTENT_MEDIA_EXTERNAL_HOST
35425,https://dash.alelm.net/health/35425/%d8%a7%d9%84%d8%b0%d9%87%d8%a8-%d8%a7%d9%84%d8%b3%d8%a7%d8%a6%d9%84-%d8%aa%d8%b9%d8%b1%d9%81-%d8%b9%d9%84%d9%89-%d8%b4%d8%ac%d8%b1%d8%a9-%d8%a7%d9%84%d8%a3%d8%b1%d8%ac%d8%a7%d9%86-%d8%a7%d9%84/,35438,https://dash.alelm.net/wp-content/uploads/2022/02/Varietal-arganias-from-Israel.jpg,2,2,0,CONTENT_MEDIA_EXTERNAL_HOST
35451,https://dash.alelm.net/current-events/35451/%d8%a8%d8%b9%d8%af-%d8%b1%d9%8a%d8%a7%d9%86-%d8%aa%d8%b9%d8%a7%d8%b7%d9%81-%d9%88%d8%a7%d8%b3%d8%b9-%d9%85%d8%b9-%d8%b7%d9%81%d9%84-%d8%b3%d9%88%d8%b1%d9%8a-%d9%85%d8%ae%d8%aa%d8%b7%d9%81/,35453,https://dash.alelm.net/wp-content/uploads/2022/02/2437629541644134859.jpg,3,1,0,CONTENT_MEDIA_EXTERNAL_HOST
36340,https://dash.alelm.net/current-events/36340/%d8%ad%d8%b1%d8%a8-%d8%a7%d9%84%d8%aa%d9%88%d8%b3%d8%b9-%d8%a8%d9%88%d8%aa%d9%8a%d9%86-%d9%8a%d8%b5%d8%b7%d8%af%d9%85-%d8%a8%d9%80%d8%a7%d9%84%d9%86%d8%a7%d8%aa%d9%88-%d9%82%d8%a8%d9%84/,36346,https://dash.alelm.net/wp-content/uploads/2022/02/204418.jpg,4,4,0,CONTENT_MEDIA_EXTERNAL_HOST
36366,https://dash.alelm.net/current-events/36366/%d8%a7%d9%84%d8%aa%d8%b9%d8%a7%d9%85%d9%84-%d8%b9%d9%86-%d8%a8%d9%8f%d8%b9%d8%af-%d8%a7%d9%84%d9%85%d9%85%d9%84%d9%83%d8%a9-%d8%aa%d8%af%d8%b4%d9%86-%d8%a3%d9%88%d9%84-%d9%85%d8%ad%d9%83%d9%85/,36370,https://dash.alelm.net/wp-content/uploads/2022/02/0987541e-e0e4-4779-8840-f1b3471fd5d3_16x9_1200x676.jpg,2,1,0,CONTENT_MEDIA_EXTERNAL_HOST
36415,https://dash.alelm.net/politics/36415/%d8%a7%d9%84%d8%a7%d8%b3%d8%aa%d8%ae%d8%a8%d8%a7%d8%b1%d8%a7%d8%aa-%d8%a7%d9%84%d8%a3%d9%85%d8%b1%d9%8a%d9%83%d9%8a%d8%a9-%d8%aa%d8%aa%d8%a3%d9%87%d8%a8-%d9%84%d9%85%d8%b9%d8%b1%d9%83%d8%a9-%d8%b1/,36431,https://dash.alelm.net/wp-content/uploads/2022/02/38420.png,5,3,0,CONTENT_MEDIA_EXTERNAL_HOST
36654,https://dash.alelm.net/varieties/36654/%d9%84%d9%82%d8%b7%d8%a7%d8%aa-%d9%85%d8%af%d9%87%d8%b4%d8%a9-%d8%a7%d9%84%d8%b5%d9%88%d8%b1-%d8%a7%d9%84%d9%81%d8%a7%d8%a6%d8%b2%d8%a9-%d8%a8%d9%85%d8%b3%d8%a7%d8%a8%d9%82%d8%a9/,36784,https://dash.alelm.net/wp-content/uploads/2022/02/الصور-الفائزة-بمسابقة-أفضل-صور-تحت-الماء.png,5,5,0,CONTENT_MEDIA_EXTERNAL_HOST
43574,https://dash.alelm.net/world/43574/%d8%a3%d9%83%d8%ab%d8%b1-%d8%a7%d9%84%d8%af%d9%88%d9%84-%d8%aa%d8%b6%d8%b1%d8%b1%d9%8b%d8%a7-%d9%85%d9%86-%d9%86%d9%82%d8%b5-%d8%a7%d9%84%d9%82%d9%85%d8%ad-%d8%a7%d9%84%d8%b1%d9%88%d8%b3%d9%8a-%d8%a7/,,,1,0,0,NO_FEATURED_MEDIA
43576,https://dash.alelm.net/technology/43576/%d8%b4%d9%83%d8%a7%d9%88%d9%89-%d8%b9%d9%85%d8%a7%d9%84-%d9%82%d8%b7%d8%a7%d8%b9-%d8%a7%d9%84%d8%aa%d9%82%d9%86%d9%8a%d8%a9-%d8%b9%d8%a7%d9%84%d9%85%d9%8a%d8%a7%d9%8b/,,,1,0,0,NO_FEATURED_MEDIA
46891,https://dash.alelm.net/current-events/46891/%d9%87%d8%b0%d8%a7-%d8%af%d9%88%d8%b1-%d8%ad%d8%a8%d8%a7%d9%84-%d8%a7%d9%84%d8%ba%d8%b3%d9%8a%d9%84-%d9%81%d9%8a-%d9%82%d8%aa%d9%84-%d8%a3%d8%b3%d8%a7%d9%85%d8%a9-%d8%a8%d9%86-%d9%84%d8%a7%d8%af/,46899,https://dash.alelm.net/wp-content/uploads/2022/05/5680815350_01b21ec2d1_o-e1439893120662.jpg,4,2,0,CONTENT_MEDIA_EXTERNAL_HOST
62089,https://dash.alelm.net/varieties/62089/%d8%ab%d8%b1%d9%88%d8%a7%d8%aa-%d8%aa%d8%ad%d8%aa-%d8%a3%d8%b2%d8%b1%d8%a7%d8%b1-%d8%a7%d9%84%d8%aa%d8%ad%d9%83%d9%85-%d9%87%d8%b0%d9%87-%d9%88%d8%ad%d8%af%d8%a7%d8%aa-%d8%a3%d9%84%d8%b9%d8%a7%d8%a8/,62142,https://dash.alelm.net/wp-content/uploads/2022/08/Rarest-Video-Games-Consoles-Nintendo-Wii-Supreme.webp,70,16,0,CONTENT_MEDIA_EXTERNAL_HOST
64653,https://dash.alelm.net/art/64653/%d8%a7%d8%ad%d8%b2%d9%85-%d8%ad%d9%82%d8%a7%d8%a6%d8%a8%d9%83-%d8%a7%d9%84%d8%a2%d9%86-%d9%87%d8%b0%d9%87-%d8%a3%d9%81%d8%b6%d9%84-%d9%88%d8%ac%d9%87%d8%a7%d8%aa-%d8%a7%d9%84%d8%b3%d9%81%d8%b1/,64708,https://dash.alelm.net/wp-content/uploads/2022/08/amazing-tourist-pathway-colorful-autumn-2180503.jpg,67,5,0,CONTENT_MEDIA_EXTERNAL_HOST
65507,https://dash.alelm.net/current-events/65507/%d9%84%d9%85%d8%a7%d8%b0%d8%a7-%d9%84%d9%86-%d9%8a%d8%ad%d8%b6%d8%b1-%d8%a8%d9%88%d8%aa%d9%8a%d9%86-%d8%ac%d9%86%d8%a7%d8%b2%d8%a9-%d8%ba%d9%88%d8%b1%d8%a8%d8%a7%d8%aa%d8%b4%d9%88%d9%81-%d9%88%d9%83/,65508,https://dash.alelm.net/wp-content/uploads/2022/09/بوتين-وغورباتشوف.jpeg,15,12,0,CONTENT_MEDIA_EXTERNAL_HOST
68338,https://dash.alelm.net/world/68338/%d8%a7%d9%84%d8%a3%d8%b1%d8%a7%d8%b6%d9%8a-%d9%88%d8%ad%d8%af%d9%87%d8%a7-%d8%a8%d9%80-33-%d8%aa%d8%b1%d9%8a%d9%84%d9%8a%d9%88%d9%86-%d8%af%d9%88%d9%84%d8%a7%d8%b1-%d9%87%d8%b0%d9%87-%d8%a3%d8%ba/,68352,https://dash.alelm.net/wp-content/uploads/2022/09/1608196_1.jpg,70,42,0,CONTENT_MEDIA_EXTERNAL_HOST
69494,https://dash.alelm.net/varieties/69494/%d9%83%d9%8a%d9%81-%d8%aa%d8%ad%d8%aa%d9%81%d9%84-%d8%a8%d9%84%d8%af%d8%a7%d9%86-%d8%a7%d9%84%d8%b9%d8%a7%d9%84%d9%85-%d8%a8%d8%a3%d9%8a%d8%a7%d9%85%d9%87%d8%a7-%d8%a7%d9%84%d9%88%d8%b7%d9%86%d9%8a/,69495,https://dash.alelm.net/wp-content/uploads/2022/09/4756.webp,1,1,1,CONTENT_MEDIA_EXTERNAL_HOST|CONTENT_MEDIA_NOT_HTTPS
70549,https://dash.alelm.net/world/70549/%d9%85%d9%86-%d9%87%d9%88-%d8%b9%d9%85%d9%8a%d9%84-%d8%a7%d9%84%d9%85%d8%ae%d8%a7%d8%a8%d8%b1%d8%a7%d8%aa-%d8%a7%d9%84%d8%a3%d9%85%d8%b1%d9%8a%d9%83%d9%8a%d8%a9-%d8%a7%d9%84%d8%b0%d9%8a-%d9%85%d9%86/,,,10,0,0,NO_FEATURED_MEDIA
72093,https://dash.alelm.net/world/72093/%d9%81%d9%8a-%d9%8a%d9%88%d9%85-%d9%85%d9%8a%d9%84%d8%a7%d8%af-%d8%a8%d9%88%d8%aa%d9%8a%d9%86-%d9%83%d9%85-%d8%a8%d9%84%d8%ba-%d8%a7%d9%84%d8%b1%d8%a6%d9%8a%d8%b3-%d8%a7%d9%84%d8%b1%d9%88%d8%b3/,72098,https://dash.alelm.net/wp-content/uploads/2022/10/1-1521114.webp,10,1,0,CONTENT_MEDIA_EXTERNAL_HOST
72138,https://dash.alelm.net/uncategorized/72138/%d9%83%d9%85-%d9%85%d9%86-%d8%a7%d9%84%d8%a8%d8%b4%d8%b1-%d9%84%d8%a7-%d9%8a%d8%b3%d8%aa%d8%b7%d9%8a%d8%b9%d9%88%d9%86-%d8%a5%d9%8a%d8%ac%d8%a7%d8%af-%d8%a7%d9%84%d8%b7%d8%b9%d8%a7%d9%85%d8%9f-%d8%a7/,72237,https://dash.alelm.net/wp-content/uploads/2022/10/الأمن-الغذائي.jpg,19,10,0,CONTENT_MEDIA_EXTERNAL_HOST
72683,https://dash.alelm.net/varieties/72683/%d9%81%d9%8a-%d9%85%d8%ab%d9%84-%d9%87%d8%b0%d8%a7-%d8%a7%d9%84%d9%8a%d9%88%d9%85-%d8%a7%d9%86%d8%aa%d8%ad%d8%a7%d8%b1-%d8%ab%d8%b9%d9%84%d8%a8-%d8%a7%d9%84%d8%b5%d8%ad%d8%b1%d8%a7%d8%a1-%d9%88/,,,0,0,0,NO_FEATURED_MEDIA
74693,https://dash.alelm.net/ksa/74693/%d8%ba%d8%af%d9%8b%d8%a7-%d9%83%d8%b3%d9%88%d9%81-%d8%ac%d8%b2%d8%a6%d9%8a-%d9%84%d9%84%d8%b4%d9%85%d8%b3-%d9%81%d9%8a-%d8%a7%d9%84%d8%b3%d8%b9%d9%88%d8%af%d9%8a%d8%a9-%d8%a5%d9%84%d9%8a%d9%83/,74707,https://dash.alelm.net/wp-content/uploads/2022/10/545129296028.jpg,14,1,0,CONTENT_MEDIA_EXTERNAL_HOST
76029,https://dash.alelm.net/world/76029/%d9%81%d9%8a-%d9%85%d8%ab%d9%84-%d9%87%d8%b0%d8%a7-%d8%a7%d9%84%d9%8a%d9%88%d9%85-%d8%aa%d9%81%d8%ac%d9%8a%d8%b1-%d8%a3%d9%88%d9%84-%d9%82%d9%86%d8%a8%d9%84%d8%a9-%d9%87%d9%8a%d8%af%d8%b1%d9%88/,,,6,0,0,NO_FEATURED_MEDIA
76614,https://dash.alelm.net/ksa/76614/%d8%a7%d9%84%d8%a3%d9%88%d9%84%d9%89-%d9%85%d9%86-%d9%86%d9%88%d8%b9%d9%87%d8%a7-%d9%81%d9%8a-%d8%a7%d9%84%d8%b3%d8%b9%d9%88%d8%af%d9%8a%d8%a9-%d9%88%d9%84%d9%8a-%d8%a7%d9%84%d8%b9%d9%87%d8%af/,76620,https://dash.alelm.net/wp-content/uploads/2022/11/215537.jpg,6,1,0,CONTENT_MEDIA_EXTERNAL_HOST
77763,https://dash.alelm.net/health/77763/%d8%aa%d8%ad%d8%b0%d9%8a%d8%b1-%d9%84%d9%83%d9%84-%d8%b3%d9%8a%d8%af%d8%a7%d8%aa-%d8%a7%d9%84%d8%a8%d9%8a%d9%88%d8%aa-%d9%85%d9%84%d8%a7%d9%8a%d9%8a%d9%86-%d8%a7%d9%84%d8%ac%d8%b2%d8%a6%d9%8a%d8%a7/,77764,https://dash.alelm.net/wp-content/uploads/2022/11/Clean-a-Burnt-Cast-Iron-Skillet-Step-11-Version-2-scaled.jpg,7,1,0,CONTENT_MEDIA_EXTERNAL_HOST
77911,https://dash.alelm.net/uncategorized/77911/%d8%a5%d9%8a%d9%84%d9%88%d9%86-%d9%85%d8%a7%d8%b3%d9%83-%d8%a3%d9%86%d8%a7-%d9%84%d8%b3%d8%aa-%d8%ba%d8%a8%d9%8a%d9%8b%d8%a7-%d9%88%d9%87%d8%b0%d8%a7-%d9%85%d8%a7-%d8%b3%d8%a3%d9%81%d8%b9%d9%84%d9%87/,77913,https://dash.alelm.net/wp-content/uploads/2022/11/إيلون-ماسك-وشركة-تويتر.jpg,11,7,0,CONTENT_MEDIA_EXTERNAL_HOST
83782,https://dash.alelm.net/economy/83782/%d8%a2%d8%b3%d9%8a%d8%a7-%d8%aa%d9%87%d8%af%d8%af-%d9%85%d9%83%d8%a7%d9%86%d8%a9-%d8%a3%d9%88%d8%b1%d9%88%d8%a8%d8%a7-%d9%81%d9%8a-%d8%aa%d8%b5%d8%af%d9%8a%d8%b1-%d8%a7%d9%84%d8%a8%d8%b6%d8%a7%d8%a6/,83783,https://dash.alelm.net/wp-content/uploads/2022/12/shutterstock_editorial_12780184f.jpg,5,1,0,CONTENT_MEDIA_EXTERNAL_HOST
83889,https://dash.alelm.net/varieties/83889/%d8%aa%d8%b1%d8%a7%d8%ac%d8%b9-%d9%86%d8%b3%d8%a8%d8%a9-%d8%a7%d9%84%d8%aa%d9%81%d8%a7%d8%a4%d9%84-%d8%a8%d8%b4%d8%a3%d9%86-%d8%b9%d8%a7%d9%85-2023-%d8%a7%d9%84%d8%a8%d8%b1%d8%a7%d8%b2%d9%8a%d9%84/,83890,https://dash.alelm.net/wp-content/uploads/2022/12/entrevo-keypersonofinfluence-optimism.jpg,4,1,0,CONTENT_MEDIA_EXTERNAL_HOST
84820,https://dash.alelm.net/world/84820/%d8%b3%d9%83%d8%a7%d9%86-%d9%85%d8%af%d9%8a%d9%86%d8%a9-%d8%a3%d9%85%d8%b1%d9%8a%d9%83%d9%8a%d8%a9-%d9%8a%d8%b6%d8%b7%d8%b1%d9%88%d9%86-%d8%a5%d9%84%d9%89-%d8%ba%d9%84%d9%8a-%d9%85%d9%8a%d8%a7%d9%87/,84821,https://dash.alelm.net/wp-content/uploads/2022/12/259191689_1140x641.jpg,12,8,0,CONTENT_MEDIA_EXTERNAL_HOST
121887,https://dash.alelm.net/health/121887/%d9%87%d9%84-%d9%8a%d9%82%d9%8a%d9%83-%d9%86%d9%82%d8%b9-%d8%a7%d9%84%d9%84%d8%ad%d9%88%d9%85-%d9%82%d8%a8%d9%84-%d8%b4%d9%88%d8%a7%d8%a6%d9%87%d8%a7-%d9%85%d9%86-%d8%a7%d9%84%d9%85%d9%88%d8%a7%d8%af/,121889,https://dash.alelm.net/wp-content/uploads/2023/06/اللحمة-المشوية.jpeg,2,2,0,CONTENT_MEDIA_EXTERNAL_HOST
122757,https://dash.alelm.net/health/122757/%d9%85%d8%a7-%d9%87%d9%88-%d8%a7%d9%84%d8%aa%d9%85%d8%b1%d9%8a%d9%86-%d8%a7%d9%84%d8%b0%d9%8a-%d9%8a%d9%85%d8%a7%d8%b1%d8%b3%d9%87-%d8%b3%d9%83%d8%a7%d9%86-%d8%a7%d9%84%d9%85%d8%af%d9%8a%d9%86%d8%a9/,122758,https://dash.alelm.net/wp-content/uploads/2023/06/تاسيو.webp,1,1,0,CONTENT_MEDIA_EXTERNAL_HOST
122764,https://dash.alelm.net/politics/122764/%d8%a7%d9%84%d8%b5%d8%b1%d8%a7%d8%b9-%d9%8a%d8%b4%d8%aa%d8%b9%d9%84-%d8%b9%d9%84%d9%89-%d8%a7%d9%84%d8%ad%d8%af%d9%88%d8%af-%d8%a8%d9%8a%d9%86-%d8%a3%d9%81%d8%ba%d8%a7%d9%86%d8%b3%d8%aa%d8%a7%d9%86/,122808,https://dash.alelm.net/wp-content/uploads/2023/06/afgh.jpg,4,1,0,CONTENT_MEDIA_EXTERNAL_HOST
122777,https://dash.alelm.net/technology/122777/%d8%b1%d8%ba%d9%85-%d8%a7%d9%84%d8%aa%d8%ae%d9%88%d9%81%d8%a7%d8%aa-%d8%a7%d9%84%d8%b9%d8%a7%d9%84%d9%85%d9%8a%d8%a9-%d8%b5%d8%b1%d8%a7%d8%b9-%d8%a3%d9%88%d8%b1%d9%88%d8%a8%d9%8a/,122778,https://dash.alelm.net/wp-content/uploads/2023/06/إيمانويل-ماكرون.jpg,1,1,0,CONTENT_MEDIA_EXTERNAL_HOST
123119,https://dash.alelm.net/technology/123119/%d8%a3%d8%b4%d9%87%d8%b1-%d8%a7%d9%84%d9%83%d8%a7%d9%85%d9%8a%d8%b1%d8%a7%d8%aa-%d9%81%d9%8a-%d8%a7%d9%84%d8%b9%d8%a7%d9%84%d9%85-%d8%a7%d8%b3%d8%aa%d9%86%d8%a7%d8%af%d9%8b%d8%a7-%d8%a5%d9%84%d9%89/,123150,https://dash.alelm.net/wp-content/uploads/2023/06/canon-camera-connect-v3_hero_3e9270b6a43c411db096653d642fab2c.jpg,8,1,0,CONTENT_MEDIA_EXTERNAL_HOST
123415,https://dash.alelm.net/economy/123415/%d9%85%d8%a7-%d9%87%d9%8a-%d8%a3%d9%83%d8%a8%d8%b1-10-%d8%b7%d8%a7%d8%a6%d8%b1%d8%a7%d8%aa-%d9%81%d9%8a-%d8%a7%d9%84%d8%b9%d8%a7%d9%84%d9%85%d8%9f/,123436,https://dash.alelm.net/wp-content/uploads/2023/06/الطائرات.jpg,1,1,0,CONTENT_MEDIA_EXTERNAL_HOST
123620,https://dash.alelm.net/sciences/123620/%d9%85%d8%a7%d8%b0%d8%a7-%d9%84%d9%88-%d8%a7%d9%86%d9%82%d8%b1%d8%b6-%d9%86%d9%88%d8%b9-%d9%88%d8%a7%d8%ad%d8%af-%d9%85%d9%86-%d8%a7%d9%84%d8%ad%d9%8a%d9%88%d8%a7%d9%86%d8%a7%d8%aa%d8%9f/,123673,https://dash.alelm.net/wp-content/uploads/2023/06/فهد-الثلوج1.jpg,3,3,0,CONTENT_MEDIA_EXTERNAL_HOST
126090,https://dash.alelm.net/business/126090/%d8%a3%d8%ba%d9%84%d9%89-%d8%a7%d9%84%d9%85%d9%86%d8%a7%d8%b2%d9%84-%d9%81%d9%8a-%d8%a7%d9%84%d8%b9%d8%a7%d9%84%d9%85-%d9%84%d8%b9%d8%a7%d9%85-2023/,126115,https://dash.alelm.net/wp-content/uploads/2023/07/أليسون-ستيت.jpg,19,1,0,CONTENT_MEDIA_EXTERNAL_HOST
126711,https://dash.alelm.net/health/126711/%d8%a3%d9%81%d8%b6%d9%84-%d8%a7%d9%84%d9%85%d8%b3%d8%aa%d8%b4%d9%81%d9%8a%d8%a7%d8%aa-%d9%81%d9%8a-%d8%a7%d9%84%d8%b9%d8%a7%d9%84%d9%85-%d9%84%d8%b9%d8%a7%d9%85-2023/,126717,https://dash.alelm.net/wp-content/uploads/2023/07/1.jpg,26,1,0,CONTENT_MEDIA_EXTERNAL_HOST
126841,https://dash.alelm.net/sciences/126841/%d8%a7%d9%84%d9%85%d8%ad%d9%8a%d8%b7%d8%a7%d8%aa-%d9%82%d8%af-%d8%aa%d9%86%d9%82%d8%b0-%d8%a7%d9%84%d8%a8%d8%b4%d8%b1%d9%8a%d8%a9-%d9%83%d9%8a%d9%81-%d9%8a%d9%86%d9%88%d9%8a-%d8%a7%d9%84%d8%b9%d9%84/,126868,https://dash.alelm.net/wp-content/uploads/2023/07/المحيط.webp,25,16,0,CONTENT_MEDIA_EXTERNAL_HOST
127961,https://dash.alelm.net/economy/127961/%d9%85%d8%a7-%d9%87%d9%8a-%d8%ae%d8%af%d9%85%d8%a9-%d8%a7%d9%84%d9%82%d8%b1%d8%a7%d8%b1-%d8%a7%d9%84%d8%aa%d9%81%d8%b3%d9%8a%d8%b1%d9%8a-%d8%a7%d9%84%d8%aa%d9%8a-%d8%a3%d8%b7%d9%84%d9%82%d8%aa%d9%87/,128098,https://dash.alelm.net/wp-content/uploads/2023/07/Untitled-3.jpg,1,1,0,CONTENT_MEDIA_EXTERNAL_HOST
128051,https://dash.alelm.net/business/128051/%d9%85%d8%b3%d8%a7%d8%ad%d8%a9-%d8%a7%d9%84%d9%85%d9%83%d8%a7%d8%aa%d8%a8-%d8%a7%d9%84%d9%81%d8%a7%d8%b1%d8%ba%d8%a9-%d9%81%d9%8a-%d8%a3%d9%85%d8%b1%d9%8a%d9%83%d8%a7-%d8%aa%d8%b5%d9%84-%d8%a5%d9%84/,128072,https://dash.alelm.net/wp-content/uploads/2023/07/مكاتب-فارغة.png,4,1,0,CONTENT_MEDIA_EXTERNAL_HOST
128076,https://dash.alelm.net/sciences/128076/%d8%a3%d8%b2%d9%85%d8%a9-%d8%a7%d9%84%d9%85%d9%86%d8%a7%d8%ae-%d9%85%d8%a7-%d8%a7%d9%84%d8%b0%d9%8a-%d8%b3%d9%8a%d8%ad%d8%af%d8%ab-%d9%84%d8%b9%d8%a7%d9%84%d9%85%d9%86%d8%a7-%d8%a5%d8%b0%d8%a7/,128082,https://dash.alelm.net/wp-content/uploads/2023/07/مناخ-العالم.webp,6,2,0,CONTENT_MEDIA_EXTERNAL_HOST
128289,https://dash.alelm.net/technology/128289/%d9%83%d9%8a%d9%81-%d8%b3%d9%8a%d8%ba%d9%8a%d8%b1-%d8%a7%d9%84%d8%b0%d9%83%d8%a7%d8%a1-%d8%a7%d9%84%d8%a7%d8%b5%d8%b7%d9%86%d8%a7%d8%b9%d9%8a-%d9%85%d8%b3%d8%aa%d9%82%d8%a8%d9%84-%d8%a7%d9%84%d8%a5/,128303,https://dash.alelm.net/wp-content/uploads/2023/07/استخدام-الذكاء-الصناعي.jpg,2,2,0,CONTENT_MEDIA_EXTERNAL_HOST
128441,https://dash.alelm.net/health/128441/%d9%84%d9%85%d8%a7%d8%b0%d8%a7-%d9%86%d8%ad%d8%aa%d8%a7%d8%ac-%d9%84%d9%84%d8%b1%d8%a7%d8%ad%d8%a9-%d8%a7%d9%84%d8%af%d9%85%d8%a7%d8%ba%d9%8a%d8%a9-%d9%82%d8%a8%d9%84-%d8%a3%d8%af%d8%a7%d8%a1/,128464,https://dash.alelm.net/wp-content/uploads/2023/07/استراحة-الدماغ.jpg,3,1,0,CONTENT_MEDIA_EXTERNAL_HOST
129778,https://dash.alelm.net/technology/129778/call-of-duty-%d8%aa%d9%81%d8%a7%d8%b5%d9%8a%d9%84-%d8%a7%d8%aa%d9%81%d8%a7%d9%82-sony-%d9%88microsoft-%d8%a8%d8%b4%d8%a3%d9%86-%d9%84%d8%b9%d8%a8%d8%a9-%d8%a7%d9%84%d9%81%d9%8a%d8%af%d9%8a%d9%88/,129779,https://dash.alelm.net/wp-content/uploads/2023/07/call-of-duty.jpg,1,1,0,CONTENT_MEDIA_EXTERNAL_HOST
129927,https://dash.alelm.net/sciences/129927/%d9%84%d9%85%d8%a7%d8%b0%d8%a7-%d9%84%d9%88%d9%86-%d8%a7%d9%84%d8%b3%d9%85%d8%a7%d8%a1-%d8%a3%d8%b2%d8%b1%d9%82%d8%9f/,129948,https://dash.alelm.net/wp-content/uploads/2023/07/لماذا-لون-السماء-أزرق؟-2-1.jpg,4,2,0,CONTENT_MEDIA_EXTERNAL_HOST
130779,https://dash.alelm.net/business/130779/%d9%83%d8%a8%d8%a7%d8%b1-%d8%a7%d9%84%d8%b3%d9%86-%d8%b3%d9%8a%d8%aa%d8%ac%d8%a7%d9%88%d8%b2%d9%88%d9%86-%d8%b1%d8%a8%d8%b9-%d8%a7%d9%84%d9%82%d9%88%d9%89-%d8%a7%d9%84%d8%b9%d8%a7%d9%85%d9%84%d8%a9/,130782,https://dash.alelm.net/wp-content/uploads/2023/07/عمل-كبار-السن2.jpg,1,1,0,CONTENT_MEDIA_EXTERNAL_HOST
130989,https://dash.alelm.net/technology/130989/%d9%84%d9%85%d8%a7%d8%b0%d8%a7-%d9%8a%d8%b1%d9%81%d8%b6-%d8%a7%d9%84%d9%85%d8%a8%d8%af%d8%b9%d9%88%d9%86-%d8%a7%d9%84%d8%aa%d8%b2%d9%8a%d9%8a%d9%81-%d8%a7%d9%84%d8%b9%d9%85%d9%8a%d9%82%d8%9f/,130998,https://dash.alelm.net/wp-content/uploads/2023/07/66.jpg,13,1,0,CONTENT_MEDIA_EXTERNAL_HOST
132023,https://dash.alelm.net/business/132023/%d8%a7%d9%84%d8%b4%d9%8a%d9%81-%d8%a8%d9%88%d8%b1%d8%a7%d9%83-%d9%8a%d9%82%d8%a7%d8%b6%d9%8a-%d9%88%d8%a7%d9%84%d8%af%d9%87-%d9%84%d9%85%d8%a7%d8%b0%d8%a7%d8%9f/,132024,https://dash.alelm.net/wp-content/uploads/2023/07/الشيف-بوراك-ووالده.jpg,4,1,0,CONTENT_MEDIA_EXTERNAL_HOST
132035,https://dash.alelm.net/economy/132035/%d9%83%d9%8a%d9%81-%d8%aa%d8%b4%d8%a7%d8%b1%d9%83-%d9%81%d9%8a-%d9%87%d8%a7%d9%83%d8%a7%d8%ab%d9%88%d9%86-%d8%a7%d9%84%d8%b2%d8%b1%d8%a7%d8%b9%d8%a9-%d8%a7%d9%84%d8%b0%d9%8a-%d8%aa%d9%86%d8%b8%d9%85/,132038,https://dash.alelm.net/wp-content/uploads/2023/07/هاكثون-الزراعة.jpg,3,1,0,CONTENT_MEDIA_EXTERNAL_HOST
132428,https://dash.alelm.net/business/132428/%d9%84%d9%85%d8%a7%d8%b0%d8%a7-%d8%aa%d8%a8%d9%82%d9%89-%d8%a7%d9%84%d8%b4%d8%b1%d9%83%d8%a7%d8%aa-%d8%a7%d9%84%d8%a3%d8%ac%d9%86%d8%a8%d9%8a%d8%a9-%d8%a7%d9%84%d8%b6%d8%ae%d9%85%d8%a9-%d9%81%d9%8a/,132429,https://dash.alelm.net/wp-content/uploads/2023/07/Untitled-6.jpg,4,2,0,CONTENT_MEDIA_EXTERNAL_HOST
132465,https://dash.alelm.net/health/132465/%d9%84%d9%85%d8%a7%d8%b0%d8%a7-%d8%aa%d8%b4%d9%87%d8%af-%d9%85%d9%86%d8%aa%d8%ac%d8%a7%d8%aa-%d8%a7%d9%84%d9%88%d9%82%d8%a7%d9%8a%d8%a9-%d9%85%d9%86-%d8%a7%d9%84%d8%b4%d9%85%d8%b3-%d8%b7%d9%81%d8%b1/,132467,https://dash.alelm.net/wp-content/uploads/2023/07/Untitled-7.jpg,2,2,0,CONTENT_MEDIA_EXTERNAL_HOST
132520,https://dash.alelm.net/health/132520/%d8%aa%d9%85%d8%a7%d8%b1%d9%8a%d9%86-%d8%a7%d9%84%d8%aa%d9%86%d9%81%d8%b3-%d8%aa%d9%82%d9%8a-%d9%85%d9%86-%d8%a7%d9%84%d8%b2%d9%87%d8%a7%d9%8a%d9%85%d8%b1-%d9%84%d9%83%d9%86/,132523,https://dash.alelm.net/wp-content/uploads/2023/07/Untitled2.jpg,4,1,0,CONTENT_MEDIA_EXTERNAL_HOST
132782,https://dash.alelm.net/business/132782/%d8%a3%d8%b1%d8%a8%d8%a7%d8%ad-%d8%b3%d8%a7%d9%85%d8%b3%d9%88%d9%86%d8%ac-%d8%aa%d8%aa%d8%b1%d8%a7%d8%ac%d8%b9-%d8%a8%d9%86%d8%b3%d8%a8%d8%a9-95-%d9%84%d8%a3%d9%88%d9%84-%d9%85%d8%b1%d8%a9-%d9%85/,132788,https://dash.alelm.net/wp-content/uploads/2023/07/associate-legal-job-at-samsung-electronics-5fa6ffce090ef.webp,5,1,0,CONTENT_MEDIA_EXTERNAL_HOST
134338,https://dash.alelm.net/health/134338/%d8%a7%d9%84%d8%b3%d8%b9%d9%88%d8%af%d9%8a%d9%88%d9%86-%d8%a7%d9%84%d8%a3%d9%88%d8%a7%d8%a6%d9%84-%d8%b9%d8%a7%d9%84%d9%85%d9%8a%d9%8b%d8%a7-%d9%81%d9%8a-%d8%a7%d9%84%d8%aa%d8%a8%d8%b1%d8%b9/,134406,https://dash.alelm.net/wp-content/uploads/2023/08/1586956965326619700.jpg,1,1,0,CONTENT_MEDIA_EXTERNAL_HOST
135048,https://dash.alelm.net/economy/135048/%d9%85%d8%a7-%d9%87%d9%88-%d8%aa%d8%a7%d8%b1%d9%8a%d8%ae-%d8%b5%d9%86%d8%af%d9%88%d9%82-%d8%a7%d9%84%d8%a7%d8%b3%d8%aa%d8%ab%d9%85%d8%a7%d8%b1%d8%a7%d8%aa-%d8%a7%d9%84%d8%b9%d8%a7%d9%85%d8%a9%d8%9f/,135050,https://dash.alelm.net/wp-content/uploads/2023/08/صندوق-الاستمارات-العامة.webp,2,2,0,CONTENT_MEDIA_EXTERNAL_HOST
140449,https://dash.alelm.net/economy/140449/%d8%a3%d8%b3%d9%88%d8%a7%d9%82-%d8%a7%d9%84%d8%b4%d8%ad%d9%86-%d8%a7%d9%84%d8%b9%d8%a7%d9%84%d9%85%d9%8a%d8%a9-%d9%81%d9%8a-2022-%d8%a3%d8%a8%d8%b1%d8%b2-%d8%a7%d9%84%d8%a3%d8%b1%d9%82%d8%a7%d9%85/,,,6,0,0,NO_FEATURED_MEDIA
140451,https://dash.alelm.net/culture/140451/%d9%85%d9%88%d8%a7%d8%b5%d9%81%d8%a7%d8%aa-%d8%a8%d8%a7%d8%a8-%d8%a7%d9%84%d9%83%d8%b9%d8%a8%d8%a9-%d8%a7%d9%84%d9%85%d8%b4%d8%b1%d9%81%d8%a9/,,,6,0,0,NO_FEATURED_MEDIA
140701,https://dash.alelm.net/sport/140701/%d8%b9%d9%82%d8%a8-%d9%81%d9%88%d8%b2-%d8%a7%d9%84%d9%86%d8%b5%d8%b1-%d8%a8%d9%87%d8%a7-%d8%a3%d8%a8%d8%b1%d8%b2-%d8%a3%d8%b1%d9%82%d8%a7%d9%85-%d9%88%d8%a5%d8%ad%d8%b5%d8%a7%d8%a1%d8%a7%d8%aa/,,,15,0,0,NO_FEATURED_MEDIA
140735,https://dash.alelm.net/sciences/140735/%d8%a8%d8%b1%d9%86%d8%a7%d9%85%d8%ac-%d9%85%d9%88%d9%87%d9%88%d8%a8-%d9%84%d9%84%d8%a3%d9%88%d9%84%d9%85%d8%a8%d9%8a%d8%a7%d8%af%d8%a7%d8%aa-%d8%a7%d9%84%d8%af%d9%88%d9%84%d9%8a%d8%a9-%d8%a7%d9%84/,,,18,0,0,NO_FEATURED_MEDIA
144471,https://dash.alelm.net/technology/144471/%d8%b4%d8%b1%d9%83%d8%a7%d8%aa-%d8%a7%d9%84%d8%a5%d9%86%d8%aa%d8%b1%d9%86%d8%aa-%d8%a7%d9%84%d8%a3%d8%b9%d9%84%d9%89-%d9%82%d9%8a%d9%85%d8%a9-%d8%b3%d9%88%d9%82%d9%8a%d8%a9-%d9%81%d9%8a-%d8%a7%d9%84/,144472,https://dash.alelm.net/wp-content/uploads/2023/09/242049.jpg,1,1,0,CONTENT_MEDIA_EXTERNAL_HOST
150443,https://dash.alelm.net/current-events/150443/%d9%81%d9%8a-%d8%a7%d9%84%d9%8a%d9%88%d9%85-%d8%a7%d9%84%d8%b9%d8%a7%d9%84%d9%85%d9%8a-%d9%84%d9%84%d9%82%d8%b7%d9%86-%d8%a3%d9%83%d8%a8%d8%b1-%d9%85%d9%86%d8%aa%d8%ac%d9%8a-%d8%a7%d9%84%d8%b0%d9%87/,150444,https://dash.alelm.net/wp-content/uploads/2023/10/bci_kolondieba_-mali_2019-55-4096x2731-1-scaled.jpg,7,1,0,CONTENT_MEDIA_EXTERNAL_HOST
150454,https://dash.alelm.net/technology/150454/%d8%a7%d9%84%d9%82%d8%b7%d8%a7%d8%b9%d8%a7%d8%aa-%d8%a7%d9%84%d8%b9%d8%a7%d9%84%d9%85%d9%8a%d8%a9-%d8%b5%d8%a7%d8%ad%d8%a8%d8%a9-%d8%a7%d9%84%d9%86%d8%b5%d9%8a%d8%a8-%d8%a7%d9%84%d8%a3%d9%83%d8%a8/,150455,https://dash.alelm.net/wp-content/uploads/2023/10/1696138030061.jpg,6,1,0,CONTENT_MEDIA_EXTERNAL_HOST
150572,https://dash.alelm.net/sciences/150572/%d8%a7%d9%84%d8%a3%d9%88%d9%84%d9%85%d8%a8%d9%8a%d8%a7%d8%af-%d8%a7%d9%84%d9%88%d8%b7%d9%86%d9%8a-%d9%84%d9%84%d8%a8%d8%b1%d9%85%d8%ac%d8%a9-%d9%88%d8%a7%d9%84%d8%b0%d9%83%d8%a7%d8%a1-%d8%a7%d9%84/,,,0,0,0,NO_FEATURED_MEDIA
161759,https://dash.alelm.net/technology/161759/%d9%86%d9%85%d9%88%d8%b0%d8%ac-%d8%b0%d9%83%d8%a7%d8%a1-%d8%a7%d8%b5%d8%b7%d9%86%d8%a7%d8%b9%d9%8a-%d8%ac%d8%af%d9%8a%d8%af-%d9%8a%d9%86%d8%aa%d8%ac-%d9%85%d8%ae%d8%b1%d8%ac%d8%a7%d8%aa-%d8%a3%d9%83/,,,4,0,0,NO_FEATURED_MEDIA
176054,https://dash.alelm.net/politics/176054/%d9%85%d9%86%d8%b4%d9%82-%d8%b3%d9%88%d9%81%d9%8a%d8%aa%d9%8a-%d9%8a%d8%ae%d9%81%d9%8a-%d9%88%d8%ac%d9%87%d9%87-%d8%a3%d8%ab%d9%86%d8%a7%d8%a1-%d9%85%d9%82%d8%a7%d8%a8%d9%84%d8%a9-%d8%aa%d9%84%d9%81/,,,0,0,0,NO_FEATURED_MEDIA
185138,https://dash.alelm.net/politics/185138/%d8%aa%d8%b9%d9%84%d9%8a%d9%82-%d8%a8%d8%a7%d9%8a%d8%af%d9%86-%d8%b9%d9%84%d9%89-%d8%a5%d8%af%d8%a7%d9%86%d8%a9-%d8%aa%d8%b1%d8%a7%d9%85%d8%a8-%d9%81%d9%8a-%d9%82%d8%b6%d9%8a%d8%a9-%d8%a3/,,,0,0,0,NO_FEATURED_MEDIA
195005,https://dash.alelm.net/sciences/195005/3-%d9%85%d9%8a%d8%af%d8%a7%d9%84%d9%8a%d8%a7%d8%aa-%d8%a8%d8%b1%d9%88%d9%86%d8%b2%d9%8a%d8%a9-%d8%aa%d8%a3%d9%84%d9%82-%d9%84%d9%84%d9%85%d9%85%d9%84%d9%83%d8%a9-%d9%81%d9%8a-%d8%a3%d9%88%d9%84/,,,6,0,0,NO_FEATURED_MEDIA
195018,https://dash.alelm.net/sport/195018/%d9%82%d8%a8%d9%84-%d8%a7%d8%b1%d8%aa%d8%af%d8%a7%d8%a1-%d9%82%d9%85%d9%8a%d8%b5-%d8%b1%d9%88%d9%85%d8%a7-%d9%87%d8%b0%d8%a7-%d9%85%d8%a7-%d9%82%d8%af%d9%85%d9%87-%d8%b3%d8%b9%d9%88%d8%af-%d8%b9/,,,4,0,0,NO_FEATURED_MEDIA
195037,https://dash.alelm.net/sport/195037/%d8%a3%d8%a8%d8%b1%d8%b2-%d8%a7%d9%84%d8%b9%d8%b1%d8%a8-%d8%a7%d9%84%d8%b0%d9%8a-%d9%84%d8%b9%d8%a8%d9%88%d8%a7-%d8%a8%d9%82%d9%85%d9%8a%d8%b5-%d8%b1%d9%88%d9%85%d8%a7-%d8%a7%d9%84%d8%a5%d9%8a%d8%b7/,,,4,0,0,NO_FEATURED_MEDIA
206157,https://dash.alelm.net/varieties/206157/%d8%a3%d9%81%d8%b6%d9%84-%d9%85%d8%b7%d8%a7%d8%b9%d9%85-%d8%a7%d9%84%d8%b9%d8%a7%d9%84%d9%85-%d9%85%d9%8a%d8%b4%d9%84%d8%a7%d9%86/,,,4,0,0,NO_FEATURED_MEDIA
218856,https://dash.alelm.net/sciences/218856/%d8%a7%d9%84%d9%88%d8%b8%d8%a7%d8%a6%d9%81-%d8%a7%d9%84%d8%aa%d8%b9%d9%84%d9%8a%d9%85%d9%8a%d8%a9-%d8%a7%d9%84%d8%aa%d9%81%d8%a7%d8%b5%d9%8a%d9%84-%d8%a7%d9%84%d9%83%d8%a7%d9%85%d9%84%d8%a9/,,,0,0,0,NO_FEATURED_MEDIA
221853,https://dash.alelm.net/politics/221853/%d8%b5%d8%af%d8%a7%d9%85-%d8%ad%d8%b3%d9%8a%d9%86-%d9%88%d8%a8%d9%84%d8%a7%d9%8a%d8%b3%d8%aa%d9%8a%d8%b4%d9%86-2-2/,221849,,0,0,0,FEATURED_MEDIA_UNRESOLVED
224858,https://dash.alelm.net/current-events/224858/%d9%83%d9%8a%d9%81-%d8%aa%d8%ad%d9%88%d9%84-%d8%a7%d9%84%d8%ad%d8%ac-%d8%a5%d9%84%d9%89-%d8%b1%d8%ad%d9%84%d8%a9-%d8%a2%d9%85%d9%86%d8%a9%d8%9f/,224857,,0,0,0,FEATURED_MEDIA_UNRESOLVED
227178,https://dash.alelm.net/politics/227178/%d9%85%d9%86%d8%b5%d8%a9-%d9%82%d8%a8%d9%88%d9%84-%d8%ac%d8%a7%d9%85%d8%b9%d8%a7%d8%aa/,,,0,0,0,NO_FEATURED_MEDIA
252595,https://dash.alelm.net/economy/252595/%d9%85%d9%83%d8%a7%d8%b3%d8%a8-%d8%b1%d9%88%d8%b3%d9%8a%d8%a9-%d8%b6%d8%ae%d9%85%d8%a9-%d9%85%d9%86-%d8%a3%d8%b2%d9%85%d8%a9-%d8%a7%d9%84%d8%b7%d8%a7%d9%82%d8%a9/,252590,,0,0,0,FEATURED_MEDIA_UNRESOLVED
