source,pattern,kind,count,samples
wordpress-rest,/{section}/{id}/{slug},article,29094,https://dash.alelm.net/ksa/595/%d8%b5%d8%ae%d8%b1%d8%a9-%d8%aa%d9%8a%d9%85%d8%a7%d8%a1-%d8%a3%d8%b9%d8%ac%d9%88%d8%a8%d8%a9-%d8%b3%d8%b9%d9%88%d8%af%d9%8a%d8%a9-%d8%ad%d9%8a%d9%91%d8%b1%d8%aa-%d8%a7%d9%84%d8%a8%d8%a7%d8%ad%d8%ab/ | https://dash.alelm.net/art/759/%d9%87%d9%84-%d8%aa%d8%b3%d8%a8%d8%a8%d8%aa-%d9%84%d8%b9%d9%86%d8%a9-%d8%a7%d9%84%d9%81%d8%b1%d8%a7%d8%b9%d9%86%d8%a9-%d9%81%d9%8a-%d8%ba%d8%b1%d9%82-%d8%aa%d8%a7%d9%8a%d8%aa%d8%a7%d9%86%d9%8a%d9%83/ | https://dash.alelm.net/art/787/%d9%85%d9%88%d9%86%d8%a7%d9%84%d9%8a%d8%b2%d8%a7-%d8%a7%d9%84%d8%b7%d9%88%d8%a7%d8%a8%d8%b9-%d8%a7%d9%84%d8%a3%d8%ba%d9%84%d9%89-%d9%81%d9%8a-%d8%a7%d9%84%d8%b9%d8%a7%d9%84%d9%85/ | https://dash.alelm.net/world/797/%d8%ba%d8%b2%d8%a9-%d8%b6%d8%a8%d8%a7%d8%a8%d9%8a%d8%a9-%d9%81%d9%8a-%d8%ae%d8%b1%d8%a7%d8%a6%d8%b7-%d9%82%d9%88%d9%82%d9%84/ | https://dash.alelm.net/world/815/%d8%a3%d8%ba%d8%b1%d8%a8-%d9%88%d8%ad%d8%af%d8%a7%d8%aa-%d8%a7%d9%84%d9%82%d9%8a%d8%a7%d8%b3/
sitemap:/articles-sitemaps/1.xml,INVALID_UNDEFINED,invalid,1000,https://alelm.netundefined | https://alelm.netundefined | https://alelm.netundefined | https://alelm.netundefined | https://alelm.netundefined
sitemap:/articles-sitemaps/2.xml,INVALID_UNDEFINED,invalid,1000,https://alelm.netundefined | https://alelm.netundefined | https://alelm.netundefined | https://alelm.netundefined | https://alelm.netundefined
sitemap:/articles-sitemaps/3.xml,INVALID_UNDEFINED,invalid,1000,https://alelm.netundefined | https://alelm.netundefined | https://alelm.netundefined | https://alelm.netundefined | https://alelm.netundefined
sitemap:/articles-sitemaps/4.xml,INVALID_UNDEFINED,invalid,1000,https://alelm.netundefined | https://alelm.netundefined | https://alelm.netundefined | https://alelm.netundefined | https://alelm.netundefined
sitemap:/articles-sitemaps/5.xml,INVALID_UNDEFINED,invalid,1000,https://alelm.netundefined | https://alelm.netundefined | https://alelm.netundefined | https://alelm.netundefined | https://alelm.netundefined
sitemap:/articles-sitemaps/6.xml,INVALID_UNDEFINED,invalid,1000,https://alelm.netundefined | https://alelm.netundefined | https://alelm.netundefined | https://alelm.netundefined | https://alelm.netundefined
sitemap:/articles-sitemaps/7.xml,INVALID_UNDEFINED,invalid,1000,https://alelm.netundefined | https://alelm.netundefined | https://alelm.netundefined | https://alelm.netundefined | https://alelm.netundefined
sitemap:/articles-sitemaps/8.xml,INVALID_UNDEFINED,invalid,1000,https://alelm.netundefined | https://alelm.netundefined | https://alelm.netundefined | https://alelm.netundefined | https://alelm.netundefined
sitemap:/articles-sitemaps/9.xml,INVALID_UNDEFINED,invalid,1000,https://alelm.netundefined | https://alelm.netundefined | https://alelm.netundefined | https://alelm.netundefined | https://alelm.netundefined
sitemap:/articles-sitemaps/10.xml,INVALID_UNDEFINED,invalid,1000,https://alelm.netundefined | https://alelm.netundefined | https://alelm.netundefined | https://alelm.netundefined | https://alelm.netundefined
sitemap:/articles-sitemaps/11.xml,INVALID_UNDEFINED,invalid,1000,https://alelm.netundefined | https://alelm.netundefined | https://alelm.netundefined | https://alelm.netundefined | https://alelm.netundefined
sitemap:/articles-sitemaps/12.xml,INVALID_UNDEFINED,invalid,1000,https://alelm.netundefined | https://alelm.netundefined | https://alelm.netundefined | https://alelm.netundefined | https://alelm.netundefined
sitemap:/articles-sitemaps/13.xml,INVALID_UNDEFINED,invalid,1000,https://alelm.netundefined | https://alelm.netundefined | https://alelm.netundefined | https://alelm.netundefined | https://alelm.netundefined
sitemap:/articles-sitemaps/14.xml,INVALID_UNDEFINED,invalid,1000,https://alelm.netundefined | https://alelm.netundefined | https://alelm.netundefined | https://alelm.netundefined | https://alelm.netundefined
sitemap:/articles-sitemaps/15.xml,INVALID_UNDEFINED,invalid,1000,https://alelm.netundefined | https://alelm.netundefined | https://alelm.netundefined | https://alelm.netundefined | https://alelm.netundefined
sitemap:/articles-sitemaps/16.xml,INVALID_UNDEFINED,invalid,1000,https://alelm.netundefined | https://alelm.netundefined | https://alelm.netundefined | https://alelm.netundefined | https://alelm.netundefined
sitemap:/articles-sitemaps/17.xml,INVALID_UNDEFINED,invalid,1000,https://alelm.netundefined | https://alelm.netundefined | https://alelm.netundefined | https://alelm.netundefined | https://alelm.netundefined
sitemap:/articles-sitemaps/18.xml,INVALID_UNDEFINED,invalid,1000,https://alelm.netundefined | https://alelm.netundefined | https://alelm.netundefined | https://alelm.netundefined | https://alelm.netundefined
sitemap:/articles-sitemaps/19.xml,INVALID_UNDEFINED,invalid,1000,https://alelm.netundefined | https://alelm.netundefined | https://alelm.netundefined | https://alelm.netundefined | https://alelm.netundefined
sitemap:/articles-sitemaps/20.xml,INVALID_UNDEFINED,invalid,1000,https://alelm.netundefined | https://alelm.netundefined | https://alelm.netundefined | https://alelm.netundefined | https://alelm.netundefined
sitemap:/articles-sitemaps/21.xml,INVALID_UNDEFINED,invalid,1000,https://alelm.netundefined | https://alelm.netundefined | https://alelm.netundefined | https://alelm.netundefined | https://alelm.netundefined
sitemap:/articles-sitemaps/22.xml,INVALID_UNDEFINED,invalid,1000,https://alelm.netundefined | https://alelm.netundefined | https://alelm.netundefined | https://alelm.netundefined | https://alelm.netundefined
sitemap:/articles-sitemaps/23.xml,INVALID_UNDEFINED,invalid,1000,https://alelm.netundefined | https://alelm.netundefined | https://alelm.netundefined | https://alelm.netundefined | https://alelm.netundefined
sitemap:/articles-sitemaps/24.xml,INVALID_UNDEFINED,invalid,1000,https://alelm.netundefined | https://alelm.netundefined | https://alelm.netundefined | https://alelm.netundefined | https://alelm.netundefined
sitemap:/articles-sitemaps/25.xml,INVALID_UNDEFINED,invalid,1000,https://alelm.netundefined | https://alelm.netundefined | https://alelm.netundefined | https://alelm.netundefined | https://alelm.netundefined
sitemap:/articles-sitemaps/26.xml,INVALID_UNDEFINED,invalid,1000,https://alelm.netundefined | https://alelm.netundefined | https://alelm.netundefined | https://alelm.netundefined | https://alelm.netundefined
sitemap:/articles-sitemaps/27.xml,INVALID_UNDEFINED,invalid,1000,https://alelm.netundefined | https://alelm.netundefined | https://alelm.netundefined | https://alelm.netundefined | https://alelm.netundefined
sitemap:/articles-sitemaps/28.xml,INVALID_UNDEFINED,invalid,1000,https://alelm.netundefined | https://alelm.netundefined | https://alelm.netundefined | https://alelm.netundefined | https://alelm.netundefined
sitemap:/articles-sitemaps/29.xml,INVALID_UNDEFINED,invalid,635,https://alelm.netundefined | https://alelm.netundefined | https://alelm.netundefined | https://alelm.netundefined | https://alelm.netundefined
sitemap:/sitemap-news.xml,INVALID_UNDEFINED,invalid,25,https://alelm.netundefined | https://alelm.netundefined | https://alelm.netundefined | https://alelm.netundefined | https://alelm.netundefined
wordpress-category-terms,/{single},single,16,https://alelm.net/current-events | https://alelm.net/business | https://alelm.net/infographics | https://alelm.net/economy | https://alelm.net/ksa
wordpress-tag-terms,/tag/{slug},tag,15,https://alelm.net/tag/أبسط | https://alelm.net/tag/أغرب | https://alelm.net/tag/افهمها-صح | https://alelm.net/tag/العلم | https://alelm.net/tag/العلم_في_المونديال
sitemap:/sitemap-pages.xml,/{single},single,4,https://alelm.net/landing-page | https://alelm.net/about | https://alelm.net/contact | https://alelm.net/privacy-policy
sitemap:/sitemap-pages.xml,/,home,1,https://alelm.net/
